d0001,2.174116e+01,2.951389e+01,1.967593e+01,1.967593e+01,2.430556e+01,1.504630e+01,1.758686e+01,1.965745e+01,8.421053e+00,1.889559e+01,7.367058e+00,1.577373e+01,2.068065e+01,6.137627e+00,9.592697e+00,7.604896e+00,8.585181e+00,1.167681e+01,1.978412e+01,1.788072e+01,1.461456e+01,1.723751e+01,1.663794e+01,1.776206e+01,6.830995e+01,2.886410e+01,3.842022e+01,3.157386e+01,3.584246e+01,5.889876e+01,7.024908e+01,6.762302e+01,4.564558e+01,7.491714e+01,6.163940e+01,7.145014e+01,1.709069e+00,4.140826e+00,3.317033e+00,3.295702e+00,3.002221e+00,2.723197e+00,1.690218e+00,1.806403e+00,1.631927e+00,1.872190e+00,1.573122e+00,1.493299e+00,1.237222e+01,2.817057e+01,2.398872e+01,2.357582e+01,2.166793e+01,1.967595e+01,1.226062e+01,1.253640e+01,1.048396e+01,1.099588e+01,9.347701e+00,9.023196e+00
d0002,5.254103e+01,4.336365e+01,4.747432e+01,8.903548e+01,1.290020e+02,1.307600e+02,5.694166e+01,5.182244e+01,1.244815e+02,9.561969e+01,4.457693e+01,4.174611e+01,2.215004e+01,2.018297e+01,1.462043e+01,2.310529e+01,2.578708e+01,2.374857e+01,2.120990e+01,2.257743e+01,2.184248e+01,2.589711e+01,2.085976e+01,2.167969e+01,1.013881e+02,9.581700e+01,6.213838e+01,1.749797e+02,2.243066e+02,2.043356e+02,8.698550e+01,9.335060e+01,1.738926e+02,1.791476e+02,1.013840e+02,9.665668e+01,1.418362e+00,1.560065e+00,1.866432e+00,8.548092e-01,6.406001e-01,8.505473e-01,1.726572e+00,1.524780e+00,1.070205e+00,8.015515e-01,1.101623e+00,7.653913e-01,8.295341e+00,9.626397e+00,1.207078e+01,3.903986e+00,3.298762e+00,3.799206e+00,1.090298e+01,1.056449e+01,3.922676e+00,3.316323e+00,6.122127e+00,5.860948e+00
d0003,0,0,0,0,0,0,0,0,0,0,0,0,0,0,0,0,0,0,0,0,0,0,0,0,0,0,0,0,0,0,0,0,0,0,0,0,0,0,0,0,0,0,0,0,0,0,0,0,0,0,0,0,0,0,0,0,0,0,0,0
d0004,1.375350e+02,7.726736e+01,8.872118e+01,1.027733e+02,1.217569e+02,1.181337e+02,1.139612e+02,1.188910e+02,9.229402e+01,7.353843e+01,7.277426e+01,7.802346e+01,2.586013e+01,1.434926e+01,1.727318e+01,1.462991e+01,1.890679e+01,1.517224e+01,2.485259e+01,2.742679e+01,2.302409e+01,2.049422e+01,2.353101e+01,2.463499e+01,1.344676e+02,9.802398e+01,1.065275e+02,1.167246e+02,1.578773e+02,1.095246e+02,1.266768e+02,1.398961e+02,1.220319e+02,9.597923e+01,1.170706e+02,1.020368e+02,1.276311e+00,1.403540e+00,1.215541e+00,1.549113e+00,1.377896e+00,1.764912e+00,1.229578e+00,8.480023e-01,1.314838e+00,1.188047e+00,8.621122e-01,9.013297e-01,5.508462e+00,6.057365e+00,5.945651e+00,6.407180e+00,6.241319e+00,7.128747e+00,5.554390e+00,5.862930e+00,5.911797e+00,6.379389e+00,4.530104e+00,5.260517e+00
d0005,3.349404e+01,2.752976e+01,4.055060e+01,3.273810e+01,1.488095e+01,1.264881e+01,3.372887e+01,3.491361e+01,2.349534e+01,1.207707e+01,1.077499e+01,1.001603e+01,2.146135e+01,6.652655e+00,1.156604e+01,9.791849e+00,9.324301e+00,1.004000e+01,1.976638e+01,1.296634e+01,1.529824e+01,1.445478e+01,1.148592e+01,1.344264e+01,8.992215e+01,3.446885e+01,6.925415e+01,5.512127e+01,4.556276e+01,4.712680e+01,9.138414e+01,6.260163e+01,6.684882e+01,5.154229e+01,4.714171e+01,4.191551e+01,1.848123e+00,4.141575e+00,3.198753e+00,3.183175e+00,3.044573e+00,2.516357e+00,1.976788e+00,3.214896e+00,2.452574e+00,2.069554e+00,2.130955e+00,1.831509e+00,1.057921e+01,2.782983e+01,2.122859e+01,2.092435e+01,2.149148e+01,1.698596e+01,1.122385e+01,2.122333e+01,1.772696e+01,1.550571e+01,1.475647e+01,1.495288e+01
d0006,8.301708e+00,2.276786e+01,2.776786e+01,4.166667e+00,0,1.919643e+01,9.624079e+00,1.708434e+01,4.699755e+00,6.366422e+00,1.415542e+01,1.717625e+01,2.076422e+01,9.200212e+00,7.311426e+00,1.027612e+01,9.672850e+00,9.352030e+00,1.879412e+01,1.368514e+01,1.685781e+01,1.606097e+01,1.093413e+01,1.594825e+01,4.282989e+01,3.817702e+01,2.759204e+01,4.137145e+01,2.907197e+01,3.033395e+01,4.416143e+01,3.661689e+01,4.168824e+01,4.685937e+01,2.518198e+01,5.432148e+01,1.029950e+00,3.176579e+00,3.782462e+00,2.628309e+00,2.662104e+00,3.247629e+00,1.008754e+00,2.272857e+00,7.432693e-01,1.077095e+00,2.084575e+00,1.967105e+00,1.382174e+01,2.497799e+01,3.085162e+01,2.123434e+01,2.456749e+01,2.860577e+01,1.206878e+01,2.090329e+01,1.150698e+01,1.226650e+01,1.898711e+01,1.454748e+01
d0007,0,0,0,0,0,0,0,0,0,0,0,0,0,0,0,0,0,0,0,0,0,0,0,0,0,0,0,0,0,0,0,0,0,0,0,0,0,0,0,0,0,0,0,0,0,0,0,0,0,0,0,0,0,0,0,0,0,0,0,0
d0008,0,0,0,0,0,0,0,0,0,0,0,0,0,0,0,0,0,0,0,0,0,0,0,0,0,0,0,0,0,0,0,0,0,0,0,0,0,0,0,0,0,0,0,0,0,0,0,0,0,0,0,0,0,0,0,0,0,0,0,0
d0009,0,0,0,0,0,0,0,0,0,0,0,0,0,0,0,0,0,0,0,0,0,0,0,0,0,0,0,0,0,0,0,0,0,0,0,0,0,0,0,0,0,0,0,0,0,0,0,0,0,0,0,0,0,0,0,0,0,0,0,0
d0010,2.489873e+01,2.818287e+01,2.818287e+01,2.557870e+01,2.146991e+01,2.968750e+01,2.490826e+01,2.640992e+01,3.261358e+01,3.268713e+01,2.712831e+01,2.268231e+01,2.032813e+01,2.292285e+01,2.201189e+01,1.880725e+01,1.760741e+01,1.990988e+01,2.166659e+01,1.935100e+01,2.422669e+01,2.381447e+01,2.053127e+01,1.916657e+01,7.679247e+01,9.006244e+01,9.768058e+01,8.990583e+01,1.006959e+02,1.145332e+02,7.835888e+01,7.303972e+01,1.189142e+02,1.575802e+02,7.589364e+01,8.012359e+01,9.503541e-01,6.640329e-01,8.773412e-01,8.070377e-01,1.164513e+00,9.518828e-01,9.425954e-01,1.036824e+00,1.036173e+00,1.456051e+00,1.174043e+00,9.641115e-01,6.269155e+00,8.346210e+00,9.065723e+00,7.280361e+00,6.014451e+00,5.714394e+00,6.115285e+00,7.114796e+00,5.608113e+00,6.363668e+00,7.264124e+00,5.863029e+00
d0011,0,0,0,0,0,0,0,0,0,0,0,0,0,0,0,0,0,0,0,0,0,0,0,0,0,0,0,0,0,0,0,0,0,0,0,0,0,0,0,0,0,0,0,0,0,0,0,0,0,0,0,0,0,0,0,0,0,0,0,0
d0012,1.462927e+01,2.914433e+01,2.459888e+01,1.136364e+01,8.712121e+00,7.002457e+00,1.750804e+01,1.434493e+01,7.752653e+00,1.312327e+01,1.460299e+01,9.588887e+00,2.044195e+01,1.041760e+01,9.297404e+00,1.659730e+01,1.193627e+01,1.047468e+01,2.283880e+01,2.390272e+01,2.221592e+01,1.957545e+01,3.063888e+01,2.782745e+01,6.740390e+01,4.841003e+01,3.406192e+01,5.762687e+01,4.796007e+01,4.877557e+01,6.590260e+01,6.873246e+01,8.368528e+01,6.076553e+01,9.783307e+01,1.044507e+02,1.510096e+00,2.940759e+00,3.138022e+00,2.105053e+00,2.142319e+00,2.251962e+00,1.289410e+00,1.404127e+00,1.145255e+00,1.584346e+00,8.846240e-01,8.848281e-01,1.202132e+01,1.892383e+01,2.470309e+01,1.916425e+01,1.529017e+01,1.359971e+01,1.293201e+01,1.118096e+01,7.111792e+00,9.377455e+00,7.367591e+00,5.866625e+00
d0013,2.694949e+01,2.842539e+01,2.842539e+01,4.873113e+01,2.842539e+01,1.405574e+01,2.641916e+01,2.631457e+01,2.427872e+01,4.010285e+01,2.773696e+01,3.035982e+01,2.332468e+01,9.568688e+00,1.681139e+01,1.046236e+01,1.816977e+01,1.830339e+01,1.916505e+01,1.929380e+01,2.356825e+01,1.924673e+01,2.223230e+01,2.059489e+01,7.345545e+01,4.952747e+01,6.986161e+01,4.415514e+01,7.705699e+01,1.096948e+02,6.913988e+01,7.210086e+01,9.692851e+01,1.201091e+02,1.001974e+02,1.061094e+02,1.509626e+00,2.854075e+00,1.679478e+00,2.514822e+00,5.806444e-01,4.681153e-01,1.731128e+00,1.641241e+00,5.641167e-01,1.279742e+00,9.063509e-01,5.485968e-01,1.172742e+01,1.712910e+01,1.277357e+01,1.622364e+01,6.150860e+00,3.696816e+00,1.229880e+01,1.183868e+01,5.155653e+00,6.398539e+00,6.528162e+00,3.565170e+00
d0014,3.084243e+01,3.422619e+01,3.599065e+01,2.508503e+01,2.642432e+01,1.696429e+01,3.548055e+01,3.940712e+01,2.887044e+01,1.052142e+01,1.619700e+01,2.573191e+01,1.794237e+01,1.207176e+01,1.432128e+01,1.554400e+01,1.182998e+01,1.394382e+01,1.879328e+01,1.956468e+01,1.406197e+01,1.683738e+01,1.809577e+01,1.925406e+01,7.357573e+01,1.069000e+02,8.409233e+01,7.209831e+01,5.773580e+01,6.785265e+01,8.593374e+01,1.298230e+02,5.631887e+01,6.772366e+01,9.426587e+01,1.004344e+02,1.472548e+00,1.565001e+00,1.457855e+00,7.715478e-01,1.343318e+00,9.978049e-01,1.356787e+00,1.219303e+00,1.514545e+00,6.500044e-01,6.365952e-01,6.191344e-01,7.921152e+00,5.999412e+00,8.111751e+00,6.665935e+00,8.188682e+00,6.403942e+00,7.055820e+00,6.110634e+00,9.896233e+00,5.374491e+00,4.203117e+00,3.883997e+00
d0015,9.818910e+00,2.619048e+01,4.126984e+01,3.412698e+01,1.428571e+01,1.547619e+01,1.456780e+01,2.432639e+01,4.870545e+00,6.734613e+00,7.068868e+00,0,2.004673e+01,1.221390e+01,1.049224e+01,8.422863e+00,9.180559e+00,1.016365e+01,1.862870e+01,1.047667e+01,8.596775e+00,1.839539e+01,1.581923e+01,1.829020e+01,7.917520e+01,4.546386e+01,4.420366e+01,3.802310e+01,3.546306e+01,3.367244e+01,6.068867e+01,4.153647e+01,2.278500e+01,7.041583e+01,4.230951e+01,5.051134e+01,1.972907e+00,2.737049e+00,3.259293e+00,3.942709e+00,3.031822e+00,3.280381e+00,2.164916e+00,3.377666e+00,2.813405e+00,1.749417e+00,1.996614e+00,1.342188e+00,1.271631e+01,2.053413e+01,2.305824e+01,2.860901e+01,2.461435e+01,2.710777e+01,1.587666e+01,2.341320e+01,2.181225e+01,9.604496e+00,1.549927e+01,1.194187e+01
d0016,1.789337e+01,2.171717e+01,2.171717e+01,1.616162e+01,2.171717e+01,1.338384e+01,1.805119e+01,1.858875e+01,1.201293e+01,2.270461e+01,9.317473e+00,1.396785e+01,2.039464e+01,9.309807e+00,1.198983e+01,1.445279e+01,1.189608e+01,9.838810e+00,2.110105e+01,2.038723e+01,1.849839e+01,2.138023e+01,2.382840e+01,2.227398e+01,6.935611e+01,3.938417e+01,4.827121e+01,5.284948e+01,4.602308e+01,3.723807e+01,7.251662e+01,7.943271e+01,6.167085e+01,9.132069e+01,9.922059e+01,8.826721e+01,1.272753e+00,2.900740e+00,2.410645e+00,1.335231e+00,1.399438e+00,1.885963e+00,1.089784e+00,1.126002e+00,1.137247e+00,1.399542e+00,7.459205e-01,8.783153e-01,1.028798e+01,2.099106e+01,1.889007e+01,1.064243e+01,1.188561e+01,1.207375e+01,9.335516e+00,7.924239e+00,6.968008e+00,8.510264e+00,5.113175e+00,5.124380e+00
d0017,4.684957e+01,4.665544e+01,4.202849e+01,3.767821e+01,4.392506e+01,5.508766e+01,4.850631e+01,4.776034e+01,4.238938e+01,4.831345e+01,3.594298e+01,3.803704e+01,2.396080e+01,1.586097e+01,1.549114e+01,1.626558e+01,1.824508e+01,1.708764e+01,2.248078e+01,2.360910e+01,2.193174e+01,2.028424e+01,1.917135e+01,NaN,1.334336e+02,1.055493e+02,9.793247e+01,1.082503e+02,1.196517e+02,1.079989e+02,1.333205e+02,1.406818e+02,1.189807e+02,1.251895e+02,1.063023e+02,NaN,1.000048e+00,9.763161e-01,1.365239e+00,1.113700e+00,9.570467e-01,8.534225e-01,1.041416e+00,8.165333e-01,8.833167e-01,9.352955e-01,9.654052e-01,NaN,4.659628e+00,4.214292e+00,6.425482e+00,5.419018e+00,4.486369e+00,4.457182e+00,4.587611e+00,4.789221e+00,5.433787e+00,4.358733e+00,4.986673e+00,NaN
d0018,2.852273e+01,3.058862e+01,2.850529e+01,5.110780e+01,3.788029e+01,2.791005e+01,2.843843e+01,2.983165e+01,2.626984e+01,4.585107e+01,3.235149e+01,2.851401e+01,2.372767e+01,1.308530e+01,1.461931e+01,1.764559e+01,1.518340e+01,1.860517e+01,2.000784e+01,1.595753e+01,1.618695e+01,1.875593e+01,1.858244e+01,1.882473e+01,1.128021e+02,5.447058e+01,6.585393e+01,1.226927e+02,8.504696e+01,9.822919e+01,9.701615e+01,7.193141e+01,8.920296e+01,1.178900e+02,9.628068e+01,9.355030e+01,1.179723e+00,1.865850e+00,1.823452e+00,1.157393e+00,1.245613e+00,7.207499e-01,1.397811e+00,1.553412e+00,1.395821e+00,1.146446e+00,8.379662e-01,6.060169e-01,6.054304e+00,1.176573e+01,1.205487e+01,5.288022e+00,6.567542e+00,5.493586e+00,7.450069e+00,1.046817e+01,7.992233e+00,6.147338e+00,5.507486e+00,4.710290e+00
d0019,2.853813e+01,2.508174e+01,3.133174e+01,8.358923e+01,1.245866e+02,1.292683e+02,2.807699e+01,4.462939e+01,5.855864e+01,6.446127e+01,5.994657e+01,7.709111e+01,2.135036e+01,2.321414e+01,1.715566e+01,2.042950e+01,1.493907e+01,1.648901e+01,2.299502e+01,1.969829e+01,1.916387e+01,2.344568e+01,2.092582e+01,2.101744e+01,8.469667e+01,9.142767e+01,1.003817e+02,1.204360e+02,1.093914e+02,1.193272e+02,9.605878e+01,9.325037e+01,1.040082e+02,1.148164e+02,1.029171e+02,1.128183e+02,1.362057e+00,5.822296e-01,1.369863e+00,1.372402e+00,1.895119e+00,1.762608e+00,1.221874e+00,1.494846e+00,1.693015e+00,1.382177e+00,1.247124e+00,1.147918e+00,7.731749e+00,6.500559e+00,7.560807e+00,6.316146e+00,7.277446e+00,7.458897e+00,7.514470e+00,8.081022e+00,8.171900e+00,6.581592e+00,5.998848e+00,5.635119e+00
d0020,2.242892e+01,3.036616e+01,2.784091e+01,2.784091e+01,1.237374e+01,0,2.262171e+01,2.146166e+01,9.715371e+00,2.270550e+01,1.280147e+01,1.181164e+01,1.946342e+01,5.960656e+00,1.172761e+01,1.439530e+01,1.133962e+01,1.654311e+01,1.808954e+01,2.008086e+01,1.999983e+01,2.139803e+01,1.958673e+01,2.211951e+01,6.664158e+01,2.394410e+01,4.525333e+01,5.453097e+01,4.312871e+01,6.894041e+01,6.165028e+01,6.313579e+01,6.809227e+01,8.363005e+01,5.832167e+01,9.444629e+01,1.756468e+00,3.815820e+00,2.513838e+00,2.258460e+00,2.243240e+00,1.091261e+00,1.682143e+00,1.633617e+00,1.052472e+00,1.733360e+00,1.577434e+00,7.284907e-01,1.320961e+01,2.833707e+01,2.008592e+01,1.775412e+01,1.724548e+01,8.514581e+00,1.357001e+01,1.388180e+01,9.122213e+00,9.761685e+00,1.092901e+01,5.680644e+00
d0021,0,0,0,0,0,0,0,0,0,0,0,0,0,0,0,0,0,0,0,0,0,0,0,0,0,0,0,0,0,0,0,0,0,0,0,0,0,0,0,0,0,0,0,0,0,0,0,0,0,0,0,0,0,0,0,0,0,0,0,0
d0022,0,0,0,0,0,0,0,0,0,0,0,0,0,0,0,0,0,0,0,0,0,0,0,0,0,0,0,0,0,0,0,0,0,0,0,0,0,0,0,0,0,0,0,0,0,0,0,0,0,0,0,0,0,0,0,0,0,0,0,0
d0023,0,0,0,0,0,0,0,0,0,0,0,0,0,0,0,0,0,0,0,0,0,0,0,0,0,0,0,0,0,0,0,0,0,0,0,0,0,0,0,0,0,0,0,0,0,0,0,0,0,0,0,0,0,0,0,0,0,0,0,0
d0024,1.607248e+01,2.168210e+01,2.476852e+01,1.890432e+01,1.242284e+01,1.234568e+01,2.100494e+01,2.263956e+01,1.412622e+01,1.148953e+01,2.587627e+01,1.004773e+01,2.122091e+01,9.499163e+00,9.849886e+00,1.016191e+01,9.049880e+00,1.007466e+01,2.111291e+01,1.807246e+01,1.474186e+01,1.251609e+01,1.743541e+01,1.282061e+01,6.652914e+01,4.031273e+01,3.840525e+01,4.391622e+01,3.341833e+01,4.303690e+01,6.581601e+01,6.743423e+01,5.153403e+01,4.447962e+01,6.747124e+01,4.646325e+01,1.748876e+00,3.387576e+00,3.650163e+00,3.073634e+00,3.145429e+00,2.980099e+00,1.957763e+00,1.938807e+00,2.141863e+00,2.417402e+00,2.532660e+00,2.129152e+00,1.408849e+01,2.499021e+01,2.992965e+01,2.276372e+01,2.354976e+01,2.184005e+01,1.519500e+01,1.467401e+01,1.421610e+01,1.640789e+01,1.554560e+01,1.474369e+01
d0025,0,0,0,0,0,0,0,0,0,0,0,0,0,0,0,0,0,0,0,0,0,0,0,0,0,0,0,0,0,0,0,0,0,0,0,0,0,0,0,0,0,0,0,0,0,0,0,0,0,0,0,0,0,0,0,0,0,0,0,0
d0026,0,0,0,0,0,0,0,0,0,0,0,0,0,0,0,0,0,0,0,0,0,0,0,0,0,0,0,0,0,0,0,0,0,0,0,0,0,0,0,0,0,0,0,0,0,0,0,0,0,0,0,0,0,0,0,0,0,0,0,0
d0027,0,0,0,0,0,0,0,0,0,0,0,0,0,0,0,0,0,0,0,0,0,0,0,0,0,0,0,0,0,0,0,0,0,0,0,0,0,0,0,0,0,0,0,0,0,0,0,0,0,0,0,0,0,0,0,0,0,0,0,0
d0028,1.002178e+02,1.705729e+02,1.154514e+02,1.019965e+02,1.046007e+02,8.376736e+01,9.949736e+01,1.005670e+02,7.660501e+01,5.608350e+01,5.410460e+01,4.844340e+01,2.587592e+01,1.978231e+01,2.455109e+01,1.560540e+01,1.647104e+01,1.519296e+01,2.668564e+01,2.722674e+01,2.175930e+01,2.894086e+01,2.119858e+01,2.095391e+01,1.684034e+02,2.264177e+02,2.165045e+02,1.314789e+02,1.096657e+02,9.960995e+01,1.899054e+02,1.830088e+02,1.102196e+02,1.911654e+02,6.963590e+01,6.903453e+01,8.135919e-01,9.548766e-01,6.894978e-01,1.131102e+00,1.530914e+00,1.162088e+00,8.002800e-01,8.159084e-01,8.319162e-01,1.290944e-01,6.224851e-01,7.254381e-01,3.281407e+00,2.966445e+00,3.271434e+00,3.999720e+00,6.778850e+00,4.989754e+00,3.564449e+00,3.325532e+00,4.658201e+00,2.570403e+00,5.828003e+00,5.736101e+00
d0029,3.323938e+01,4.135101e+01,3.345960e+01,4.103535e+01,3.598485e+01,3.914141e+01,3.197892e+01,3.486490e+01,3.366873e+01,2.230509e+01,3.583826e+01,6.005097e+01,2.277774e+01,1.378485e+01,1.502802e+01,1.611056e+01,1.491088e+01,1.762047e+01,2.199772e+01,1.869236e+01,1.635576e+01,1.857249e+01,1.631125e+01,2.353783e+01,1.137872e+02,8.276467e+01,9.010439e+01,7.009647e+01,7.993939e+01,8.308696e+01,1.231940e+02,1.087067e+02,7.913289e+01,6.849407e+01,7.335469e+01,1.773962e+02,1.299971e+00,1.869026e+00,1.850941e+00,1.335080e+00,1.560555e+00,1.305239e+00,1.201286e+00,1.531888e+00,1.511516e+00,1.440410e+00,1.487787e+00,1.224740e+00,5.797521e+00,9.534311e+00,1.087240e+01,9.144677e+00,8.089965e+00,7.998402e+00,5.637446e+00,7.080264e+00,7.909962e+00,1.001133e+01,8.574327e+00,5.862556e+00
d0030,3.290338e+01,2.391098e+01,4.157197e+01,1.818182e+01,1.169508e+01,1.794508e+01,2.945189e+01,3.029428e+01,1.669316e+01,1.373343e+01,1.730705e+01,1.763612e+01,2.330103e+01,1.230823e+01,1.021367e+01,1.728645e+01,8.842439e+00,9.269711e+00,1.907208e+01,1.562551e+01,1.841151e+01,1.181629e+01,1.356770e+01,1.317109e+01,6.135571e+01,5.037464e+01,3.957318e+01,6.373446e+01,3.879689e+01,4.445466e+01,6.284864e+01,5.751627e+01,6.875965e+01,4.579196e+01,5.049178e+01,4.206166e+01,1.760515e+00,2.901912e+00,3.617606e+00,1.759544e+00,2.487157e+00,2.732182e+00,2.049420e+00,2.364941e+00,1.723673e+00,2.483789e+00,2.201594e+00,2.158887e+00,1.532685e+01,2.140794e+01,2.811703e+01,1.428803e+01,1.615000e+01,1.877306e+01,1.544941e+01,1.781354e+01,1.114277e+01,1.542680e+01,1.492192e+01,1.410020e+01
d0031,1.618231e+01,2.950726e+01,1.854469e+01,1.841100e+01,1.974790e+01,5.450726e+01,1.673823e+01,1.722723e+01,1.496256e+01,8.516759e+00,2.050579e+01,1.126290e+01,2.378904e+01,1.471777e+01,1.605631e+01,1.709561e+01,1.542322e+01,1.705572e+01,2.332148e+01,2.094982e+01,2.154457e+01,2.263763e+01,2.094136e+01,2.113052e+01,1.420865e+02,1.142694e+02,1.166503e+02,1.346917e+02,1.200705e+02,1.382643e+02,1.396591e+02,1.256471e+02,1.506873e+02,1.499889e+02,1.320966e+02,1.315277e+02,1.043281e+00,1.408575e+00,1.242648e+00,1.201227e+00,1.245870e+00,1.235235e+00,1.042536e+00,1.171377e+00,1.038187e+00,1.031247e+00,1.088837e+00,1.001112e+00,4.264808e+00,5.330431e+00,5.258922e+00,4.654265e+00,5.202409e+00,4.493430e+00,4.308546e+00,4.756155e+00,3.758550e+00,3.735335e+00,4.232895e+00,3.752045e+00
d0032,0,0,0,0,0,0,0,0,0,0,0,0,0,0,0,0,0,0,0,0,0,0,0,0,0,0,0,0,0,0,0,0,0,0,0,0,0,0,0,0,0,0,0,0,0,0,0,0,0,0,0,0,0,0,0,0,0,0,0,0
d0033,6.124781e+01,6.632993e+01,6.280409e+01,5.577800e+01,4.436650e+01,3.548089e+01,6.229231e+01,6.384449e+01,4.477300e+01,4.286195e+01,4.912654e+01,3.852086e+01,2.493539e+01,1.999395e+01,1.284273e+01,1.255561e+01,1.621873e+01,1.553815e+01,2.293612e+01,2.261517e+01,1.732288e+01,1.944626e+01,1.769646e+01,1.938482e+01,1.273397e+02,1.685658e+02,8.160135e+01,7.790432e+01,8.481343e+01,8.737250e+01,1.303090e+02,1.471710e+02,9.224281e+01,9.999457e+01,1.123012e+02,9.250945e+01,1.058455e+00,7.123286e-01,2.225850e+00,2.461547e+00,1.865865e+00,1.672811e+00,9.433067e-01,8.908565e-01,1.647084e+00,1.424829e+00,1.315506e+00,1.334013e+00,6.059394e+00,4.258848e+00,1.079418e+01,1.327474e+01,1.026159e+01,8.279827e+00,5.306953e+00,4.271381e+00,8.414347e+00,7.515508e+00,6.287172e+00,7.555020e+00
d0034,0,0,0,0,0,0,0,0,0,0,0,0,0,0,0,0,0,0,0,0,0,0,0,0,0,0,0,0,0,0,0,0,0,0,0,0,0,0,0,0,0,0,0,0,0,0,0,0,0,0,0,0,0,0,0,0,0,0,0,0
d0035,1.777778e+01,2.804908e+01,2.268616e+01,2.440754e+01,5.877202e+01,4.021918e+01,2.095711e+01,1.733958e+01,2.757212e+01,3.389158e+01,2.471867e+01,1.526499e+01,2.128106e+01,1.398327e+01,1.719866e+01,1.892992e+01,1.666381e+01,1.885447e+01,1.968852e+01,2.211496e+01,2.466747e+01,2.319130e+01,2.381271e+01,2.217032e+01,1.083109e+02,7.489031e+01,9.266971e+01,1.207151e+02,1.355683e+02,1.228985e+02,9.463419e+01,1.172971e+02,1.390794e+02,1.136641e+02,1.085687e+02,1.064729e+02,1.541918e+00,2.200779e+00,1.570341e+00,1.451245e+00,1.419548e+00,1.148676e+00,1.616246e+00,1.444027e+00,1.136544e+00,1.524392e+00,1.154516e+00,1.118074e+00,7.056371e+00,1.277239e+01,8.758784e+00,6.735140e+00,5.627534e+00,5.444067e+00,8.511927e+00,6.584671e+00,5.102795e+00,7.142413e+00,6.366128e+00,5.656534e+00
d0036,3.192860e+01,3.093171e+01,3.197338e+01,3.405671e+01,3.634259e+01,4.134838e+01,3.047823e+01,3.431246e+01,3.393434e+01,3.314030e+01,4.546117e+01,3.858775e+01,2.109763e+01,1.376469e+01,1.549360e+01,2.046860e+01,1.609240e+01,1.826714e+01,2.127241e+01,1.826632e+01,1.872901e+01,1.908240e+01,1.879510e+01,1.917794e+01,8.349725e+01,6.997642e+01,6.592294e+01,8.020962e+01,7.060714e+01,8.370150e+01,8.268449e+01,8.260310e+01,7.372077e+01,7.861788e+01,8.492798e+01,7.253539e+01,1.835807e+00,2.449600e+00,2.015993e+00,1.075285e+00,1.179046e+00,1.057104e+00,1.896169e+00,2.054892e+00,1.367464e+00,1.279849e+00,1.687535e+00,1.793259e+00,1.097165e+01,1.315774e+01,1.309006e+01,8.927729e+00,7.765325e+00,7.384506e+00,1.151243e+01,1.190049e+01,8.521777e+00,8.185177e+00,9.532462e+00,1.149931e+01
d0037,2.880415e+01,3.809524e+01,2.698413e+01,3.015873e+01,2.738095e+01,3.055556e+01,3.156247e+01,3.193936e+01,1.772745e+01,1.207995e+01,1.708077e+01,1.291028e+01,2.305351e+01,1.235894e+01,1.033161e+01,1.075858e+01,1.271655e+01,7.898645e+00,1.725170e+01,1.944943e+01,1.717261e+01,1.648718e+01,1.907946e+01,1.704473e+01,7.794027e+01,6.889445e+01,6.142131e+01,6.538387e+01,5.697747e+01,3.072690e+01,6.962550e+01,7.296311e+01,6.768184e+01,6.869839e+01,7.114092e+01,7.591084e+01,1.326694e+00,2.859417e+00,2.921056e+00,2.571345e+00,2.622277e+00,3.132908e+00,1.813964e+00,1.461023e+00,1.678320e+00,1.482730e+00,1.594426e+00,1.407093e+00,1.010009e+01,1.936018e+01,2.010978e+01,1.676432e+01,2.078902e+01,2.353031e+01,1.266089e+01,1.129752e+01,1.157182e+01,9.029963e+00,1.127507e+01,8.651866e+00
d0038,0,0,0,0,0,0,0,0,0,0,0,0,0,0,0,0,0,0,0,0,0,0,0,0,0,0,0,0,0,0,0,0,0,0,0,0,0,0,0,0,0,0,0,0,0,0,0,0,0,0,0,0,0,0,0,0,0,0,0,0
d0039,4.349300e+01,4.220546e+01,3.360273e+01,2.542965e+01,5.609664e+01,5.618661e+01,4.354993e+01,4.579311e+01,3.280734e+01,5.499350e+01,5.413751e+01,4.855274e+01,2.330494e+01,1.850414e+01,1.622291e+01,1.794310e+01,1.955667e+01,1.932621e+01,2.354127e+01,2.199385e+01,2.155429e+01,2.273175e+01,2.202536e+01,2.506908e+01,1.235841e+02,1.332622e+02,8.422573e+01,9.316900e+01,1.411520e+02,1.250853e+02,1.295147e+02,1.390129e+02,1.126503e+02,1.554161e+02,1.290962e+02,1.648397e+02,1.164741e+00,1.345704e+00,1.517110e+00,1.165183e+00,8.653295e-01,9.156168e-01,1.168590e+00,1.161523e+00,8.896422e-01,8.988132e-01,8.271396e-01,4.330379e-01,6.291952e+00,6.302435e+00,8.440048e+00,7.347305e+00,4.150676e+00,4.938566e+00,6.422460e+00,6.408564e+00,5.047870e+00,4.220317e+00,3.854305e+00,2.763199e+00
d0040,0,0,0,0,0,0,0,0,0,0,0,0,0,0,0,0,0,0,0,0,0,0,0,0,0,0,0,0,0,0,0,0,0,0,0,0,0,0,0,0,0,0,0,0,0,0,0,0,0,0,0,0,0,0,0,0,0,0,0,0
d0041,3.247333e+01,4.958333e+01,4.958333e+01,4.135417e+01,3.364583e+01,3.177083e+01,3.372441e+01,3.562562e+01,2.251676e+01,2.402741e+01,2.849457e+01,2.341535e+01,1.860403e+01,8.261547e+00,8.385355e+00,9.351933e+00,9.361933e+00,7.423168e+00,1.826814e+01,1.511139e+01,1.531184e+01,1.639004e+01,1.895998e+01,1.912997e+01,6.206136e+01,5.133698e+01,4.843466e+01,4.611940e+01,4.466022e+01,3.452799e+01,6.464248e+01,5.885024e+01,4.830021e+01,5.699491e+01,8.470066e+01,7.776140e+01,1.689592e+00,3.666182e+00,3.768313e+00,3.923070e+00,3.815811e+00,3.626411e+00,1.873790e+00,2.450008e+00,1.865331e+00,1.872037e+00,1.595726e+00,1.416299e+00,1.333975e+01,2.385248e+01,2.526110e+01,2.949876e+01,2.978612e+01,2.660042e+01,1.450499e+01,1.815778e+01,1.501097e+01,1.238138e+01,9.163776e+00,9.080809e+00
d0042,0,0,0,0,0,0,0,0,0,0,0,0,0,0,0,0,0,0,0,0,0,0,0,0,0,0,0,0,0,0,0,0,0,0,0,0,0,0,0,0,0,0,0,0,0,0,0,0,0,0,0,0,0,0,0,0,0,0,0,0
d0043,1.309653e+01,2.450397e+01,2.033730e+01,3.422619e+01,2.569444e+01,1.111111e+01,2.070908e+01,1.987935e+01,8.457537e+00,8.770787e+00,1.599197e+01,1.492005e+01,2.279799e+01,1.148987e+01,6.462393e+00,8.652314e+00,9.586586e+00,9.990270e+00,1.501843e+01,1.850738e+01,1.339686e+01,1.008369e+01,1.910475e+01,1.620377e+01,7.557948e+01,5.662176e+01,3.004893e+01,4.660495e+01,4.937332e+01,5.081902e+01,6.094866e+01,6.822990e+01,4.377423e+01,2.490452e+01,6.554443e+01,5.835629e+01,1.218290e+00,3.025564e+00,4.105654e+00,3.358566e+00,3.160922e+00,2.863623e+00,2.258948e+00,1.885961e+00,2.368983e+00,2.780385e+00,1.833919e+00,1.718489e+00,8.603488e+00,2.436294e+01,2.966018e+01,2.110493e+01,2.334708e+01,2.106156e+01,1.450736e+01,1.302615e+01,1.742058e+01,2.146436e+01,1.260694e+01,1.265539e+01
d0044,0,0,0,0,0,0,0,0,0,0,0,0,0,0,0,0,0,0,0,0,0,0,0,0,0,0,0,0,0,0,0,0,0,0,0,0,0,0,0,0,0,0,0,0,0,0,0,0,0,0,0,0,0,0,0,0,0,0,0,0
d0045,1.520907e+01,2.976190e+01,1.289683e+01,8.432540e+00,1.736111e+01,1.736111e+01,2.441261e+01,1.824892e+01,2.179238e+01,4.944963e+01,3.017765e+01,2.308735e+01,2.140129e+01,9.282829e+00,1.251880e+01,1.114800e+01,9.855670e+00,9.909305e+00,2.301383e+01,2.025424e+01,1.973803e+01,2.052811e+01,1.766694e+01,2.393868e+01,1.137696e+02,6.026522e+01,8.314428e+01,6.726024e+01,4.723789e+01,6.000686e+01,1.034336e+02,1.071222e+02,9.874634e+01,1.294070e+02,8.927665e+01,8.988467e+01,1.669823e+00,3.043563e+00,2.305849e+00,2.381577e+00,2.959456e+00,2.426051e+00,1.597633e+00,1.817225e+00,1.578206e+00,1.817983e+00,1.595194e+00,1.066540e+00,7.517740e+00,1.761952e+01,1.205315e+01,1.168787e+01,1.633135e+01,1.255646e+01,8.210381e+00,9.309696e+00,9.679125e+00,7.904922e+00,6.885231e+00,6.735414e+00
d0046,5.668777e+01,3.685733e+01,5.114846e+01,5.478603e+01,4.748713e+01,4.452148e+01,5.445095e+01,4.132774e+01,4.944386e+01,5.488739e+01,4.454559e+01,4.494193e+01,2.227300e+01,1.273816e+01,1.469830e+01,1.351970e+01,1.311675e+01,1.980131e+01,2.262310e+01,1.811759e+01,1.765209e+01,2.059477e+01,1.943416e+01,2.117540e+01,1.047284e+02,7.316600e+01,9.625890e+01,7.858547e+01,9.801295e+01,1.419100e+02,1.074337e+02,9.649374e+01,9.320658e+01,1.185843e+02,1.175789e+02,1.112653e+02,1.638272e+00,1.969695e+00,1.990124e+00,2.004259e+00,1.657157e+00,1.074050e+00,1.635950e+00,1.625824e+00,1.658674e+00,1.306181e+00,1.363487e+00,1.367809e+00,8.257321e+00,1.057806e+01,1.041203e+01,1.093609e+01,7.160777e+00,5.818296e+00,8.266228e+00,8.280128e+00,7.927506e+00,6.572178e+00,6.196561e+00,7.399075e+00
d0047,0,0,0,0,0,0,0,0,0,0,0,0,0,0,0,0,0,0,0,0,0,0,0,0,0,0,0,0,0,0,0,0,0,0,0,0,0,0,0,0,0,0,0,0,0,0,0,0,0,0,0,0,0,0,0,0,0,0,0,0
d0048,0,0,0,0,0,0,0,0,0,0,0,0,0,0,0,0,0,0,0,0,0,0,0,0,0,0,0,0,0,0,0,0,0,0,0,0,0,0,0,0,0,0,0,0,0,0,0,0,0,0,0,0,0,0,0,0,0,0,0,0
d0049,0,0,0,0,0,0,0,0,0,0,0,0,0,0,0,0,0,0,0,0,0,0,0,0,0,0,0,0,0,0,0,0,0,0,0,0,0,0,0,0,0,0,0,0,0,0,0,0,0,0,0,0,0,0,0,0,0,0,0,0
d0050,4.003947e+01,4.681818e+01,3.045455e+01,4.954545e+01,2.113636e+01,1.681818e+01,4.096530e+01,3.449941e+01,1.431992e+01,2.670849e+01,2.148024e+01,8.193746e+00,1.984466e+01,1.622491e+01,1.128214e+01,1.405451e+01,1.475045e+01,1.481715e+01,1.577629e+01,1.787144e+01,1.770707e+01,2.286930e+01,2.012661e+01,2.169258e+01,7.212727e+01,7.260677e+01,5.629688e+01,6.683977e+01,6.828158e+01,5.400106e+01,6.697505e+01,6.900203e+01,6.631403e+01,8.488782e+01,7.291829e+01,6.814056e+01,1.574196e+00,2.066743e+00,1.843298e+00,2.408638e+00,1.987378e+00,1.900858e+00,1.947536e+00,1.894822e+00,1.097842e+00,1.186172e+00,1.123365e+00,1.125929e+00,9.405526e+00,1.500832e+01,1.040033e+01,1.563815e+01,1.196179e+01,1.369033e+01,1.229176e+01,1.128793e+01,6.894869e+00,7.738756e+00,7.782324e+00,8.719949e+00
d0051,2.860189e+01,2.807971e+01,2.859731e+01,6.741718e+01,4.330573e+01,3.170290e+01,2.695488e+01,2.810441e+01,2.995455e+01,4.477669e+01,3.301242e+01,3.271037e+01,2.135947e+01,1.322854e+01,1.333118e+01,1.717858e+01,1.808629e+01,1.788796e+01,2.337805e+01,1.655605e+01,1.587136e+01,1.723443e+01,1.664610e+01,2.042916e+01,1.126550e+02,6.835812e+01,7.073689e+01,1.227996e+02,1.032037e+02,9.175116e+01,1.079743e+02,7.984362e+01,9.006449e+01,1.117285e+02,8.657599e+01,9.896374e+01,1.267598e+00,1.936550e+00,1.920177e+00,1.320365e+00,1.172053e+00,6.874310e-01,1.204239e+00,1.503440e+00,1.418861e+00,1.312199e+00,1.019114e+00,5.465564e-01,5.924358e+00,1.128589e+01,1.103995e+01,5.837613e+00,7.271287e+00,5.049111e+00,6.625742e+00,1.006954e+01,7.438431e+00,6.454510e+00,6.116888e+00,5.146823e+00
d0052,0,0,0,0,0,0,0,0,0,0,0,0,0,0,0,0,0,0,0,0,0,0,0,0,0,0,0,0,0,0,0,0,0,0,0,0,0,0,0,0,0,0,0,0,0,0,0,0,0,0,0,0,0,0,0,0,0,0,0,0
d0053,1.245182e+01,2.361111e+01,4.340278e+01,1.979167e+01,2.673611e+01,6.944444e+00,1.286101e+01,1.238458e+01,9.571525e+00,1.620728e+01,1.238458e+01,8.652408e+00,2.073398e+01,9.303534e+00,8.642714e+00,1.448420e+01,8.792885e+00,1.464574e+01,2.243962e+01,2.107537e+01,2.656686e+01,2.203832e+01,2.234304e+01,1.896686e+01,7.266871e+01,3.759790e+01,3.632624e+01,8.293656e+01,3.603962e+01,9.219300e+01,8.140814e+01,7.523022e+01,1.125348e+02,1.286918e+02,9.524844e+01,9.875526e+01,1.434234e+00,3.045743e+00,3.174246e+00,1.752471e+00,2.239657e+00,1.280251e+00,1.288039e+00,1.381656e+00,8.235431e-01,1.429612e+00,1.028717e+00,1.126681e+00,9.806834e+00,2.202910e+01,2.194277e+01,1.015100e+01,1.226253e+01,5.697708e+00,8.995614e+00,1.001483e+01,4.974378e+00,6.283933e+00,5.320097e+00,4.457507e+00
d0054,2.445696e+01,2.130682e+01,2.414773e+01,2.414773e+01,1.818182e+01,1.534091e+01,2.106571e+01,2.505958e+01,1.628210e+01,1.627925e+01,2.298423e+01,1.201309e+01,1.859582e+01,1.171604e+01,1.094846e+01,1.056160e+01,1.314009e+01,1.712134e+01,2.359214e+01,1.944884e+01,1.361262e+01,1.197978e+01,1.520160e+01,1.942058e+01,6.495924e+01,4.516298e+01,4.322593e+01,5.201930e+01,7.355349e+01,8.111194e+01,7.064238e+01,6.329524e+01,6.420158e+01,4.429215e+01,5.160616e+01,5.578271e+01,1.593254e+00,2.628588e+00,3.223526e+00,2.312504e+00,2.168554e+00,1.482844e+00,1.304872e+00,1.733134e+00,1.961201e+00,2.423878e+00,2.578198e+00,1.471649e+00,1.219121e+01,2.024777e+01,2.694603e+01,1.556081e+01,1.288784e+01,1.095266e+01,1.211402e+01,1.440480e+01,9.928724e+00,1.332468e+01,1.760616e+01,1.132947e+01
d0055,2.463767e+01,2.626263e+01,2.878788e+01,2.398990e+01,2.398990e+01,1.893939e+01,2.371730e+01,2.350111e+01,1.326246e+01,2.607298e+01,2.257364e+01,2.091444e+01,2.138544e+01,1.386699e+01,1.651194e+01,1.598601e+01,1.804628e+01,1.549827e+01,2.263423e+01,2.327309e+01,2.290979e+01,2.211772e+01,1.805592e+01,2.238700e+01,7.239519e+01,8.509012e+01,7.397758e+01,8.689271e+01,8.974183e+01,7.518717e+01,7.564986e+01,7.923073e+01,7.856480e+01,8.685849e+01,7.475662e+01,1.006674e+02,1.062665e+00,1.382764e+00,1.125697e+00,8.510515e-01,5.500167e-01,6.822246e-01,9.475991e-01,7.761527e-01,3.759963e-01,9.393375e-01,8.536810e-01,6.001087e-01,7.603235e+00,7.601891e+00,8.367225e+00,4.681914e+00,4.542143e+00,5.137021e+00,7.199034e+00,7.143605e+00,5.151128e+00,5.633316e+00,5.361261e+00,4.080908e+00
