c0001,2.431269e+01,3.040070e+01,2.989257e+01,2.902149e+01,2.566783e+01,2.572590e+01,2.815293e+01,3.236120e+01,2.061566e+01,1.788276e+01,2.048964e+01,2.774370e+01,1.298564e+01,6.343215e+00,7.613956e+00,6.449024e+00,6.530022e+00,7.460961e+00,1.334355e+01,8.204807e+00,8.089581e+00,8.474023e+00,9.112092e+00,1.235099e+01,5.618691e+01,4.271255e+01,6.303515e+01,4.884138e+01,4.741491e+01,5.122443e+01,6.600306e+01,4.318734e+01,4.328221e+01,3.638491e+01,4.350544e+01,5.473696e+01,3.806121e+00,4.406696e+00,4.075505e+00,4.307273e+00,4.299721e+00,3.818836e+00,3.659840e+00,4.252555e+00,4.260814e+00,3.907919e+00,3.667782e+00,3.176043e+00,2.654313e+01,2.957487e+01,2.576034e+01,2.738779e+01,2.761741e+01,2.345968e+01,2.439444e+01,3.046693e+01,3.107301e+01,2.860726e+01,2.420725e+01,2.094096e+01
c0002,1.952609e+01,2.024711e+01,2.198323e+01,1.857413e+01,2.259199e+01,2.116703e+01,1.845272e+01,2.114101e+01,1.674030e+01,1.519946e+01,2.544866e+01,2.335450e+01,1.080902e+01,9.981874e+00,6.143876e+00,9.758131e+00,9.364067e+00,9.947183e+00,1.431631e+01,1.169458e+01,9.714429e+00,1.562010e+01,1.785263e+01,9.871108e+00,5.081360e+01,4.882397e+01,3.267920e+01,4.996094e+01,4.192920e+01,5.908612e+01,6.123235e+01,5.098671e+01,4.014777e+01,6.987953e+01,6.358792e+01,4.476310e+01,3.311744e+00,3.243411e+00,4.299220e+00,2.759940e+00,2.515316e+00,2.609937e+00,2.992984e+00,3.374270e+00,2.742100e+00,1.811375e+00,1.823830e+00,3.102141e+00,2.138669e+01,2.417297e+01,3.259044e+01,1.735141e+01,1.404607e+01,1.646943e+01,1.967653e+01,2.576438e+01,1.818306e+01,1.069140e+01,1.222201e+01,2.000804e+01
c0003,1.448845e+01,2.297980e+01,9.974747e+00,1.142677e+01,6.123737e+00,1.770483e+01,1.464144e+01,1.226109e+01,1.136088e+01,1.653499e+01,2.221971e+01,2.855945e+01,2.149307e+01,1.541030e+01,1.057554e+01,1.395296e+01,1.435750e+01,1.820689e+01,1.753924e+01,1.964884e+01,1.736567e+01,2.236187e+01,1.998672e+01,1.979553e+01,8.732702e+01,1.198061e+02,6.241593e+01,5.403296e+01,6.137785e+01,9.309658e+01,7.736770e+01,9.151056e+01,5.665631e+01,1.006440e+02,9.569074e+01,1.035539e+02,9.150343e-01,1.906212e+00,2.983870e+00,1.364078e+00,1.516010e+00,1.163055e+00,1.690482e+00,1.886404e+00,8.701205e-01,8.269070e-01,1.087890e+00,1.290119e+00,6.276339e+00,8.646563e+00,1.728236e+01,1.128841e+01,1.065215e+01,5.959054e+00,9.407222e+00,1.051025e+01,7.440396e+00,5.116729e+00,5.821669e+00,6.540171e+00
c0004,2.481085e+01,2.888357e+01,2.812137e+01,2.463100e+01,1.906577e+01,1.736595e+01,2.619676e+01,2.377799e+01,2.053889e+01,1.696919e+01,1.710949e+01,1.630024e+01,1.272166e+01,7.750702e+00,7.599640e+00,7.271548e+00,7.747140e+00,7.068841e+00,9.219260e+00,9.300377e+00,9.110747e+00,1.035104e+01,1.162208e+01,1.122262e+01,6.909171e+01,4.483489e+01,4.486977e+01,4.233750e+01,3.383692e+01,3.207964e+01,5.647344e+01,4.752433e+01,4.480643e+01,4.893445e+01,4.825275e+01,5.289307e+01,3.577813e+00,4.028395e+00,4.170433e+00,4.559485e+00,4.059104e+00,3.911434e+00,3.891241e+00,3.919756e+00,4.145331e+00,3.200643e+00,2.939315e+00,2.878664e+00,2.349873e+01,2.856078e+01,3.012187e+01,3.482008e+01,3.051438e+01,2.890426e+01,2.578531e+01,2.740006e+01,3.124175e+01,2.143635e+01,2.025277e+01,1.865656e+01
c0005,2.972755e+01,2.846737e+01,2.836053e+01,2.992424e+01,3.099262e+01,3.216783e+01,3.115545e+01,2.730667e+01,2.613722e+01,3.148625e+01,3.045075e+01,2.560997e+01,1.438197e+01,9.752233e+00,9.596471e+00,1.102032e+01,9.975564e+00,1.005827e+01,1.804163e+01,1.089105e+01,1.065402e+01,1.249518e+01,1.145266e+01,1.226198e+01,5.471019e+01,4.868857e+01,4.064788e+01,5.133746e+01,5.253334e+01,5.294765e+01,5.954618e+01,4.709611e+01,4.448668e+01,5.963387e+01,4.713855e+01,5.425735e+01,3.166029e+00,3.615472e+00,3.990759e+00,3.198025e+00,3.789044e+00,3.294846e+00,2.785874e+00,3.710236e+00,3.509244e+00,3.054353e+00,3.484853e+00,2.875551e+00,2.301437e+01,2.875857e+01,3.084920e+01,2.353050e+01,2.736021e+01,2.143431e+01,2.068677e+01,3.079520e+01,2.636346e+01,2.207312e+01,2.449890e+01,1.958121e+01
c0006,2.424599e+01,2.196373e+01,2.519022e+01,2.782650e+01,1.796564e+01,1.946710e+01,2.369218e+01,2.147312e+01,2.593518e+01,2.491116e+01,2.155876e+01,2.715710e+01,2.227714e+01,1.417296e+01,1.312276e+01,1.723963e+01,1.827034e+01,2.091878e+01,2.240108e+01,1.250820e+01,1.342871e+01,1.911775e+01,1.932112e+01,2.045978e+01,1.250043e+02,9.374996e+01,7.362874e+01,1.104381e+02,1.149676e+02,1.293542e+02,1.249152e+02,8.312959e+01,7.114634e+01,1.157554e+02,1.256314e+02,1.223161e+02,1.552507e+00,2.197089e+00,2.494596e+00,1.487175e+00,1.238725e+00,9.984482e-01,1.573213e+00,2.424300e+00,2.261086e+00,1.141701e+00,1.182011e+00,1.048638e+00,7.593840e+00,1.062994e+01,1.405080e+01,7.059600e+00,5.468270e+00,5.133422e+00,7.645338e+00,1.222016e+01,1.210324e+01,5.497658e+00,5.070307e+00,4.899686e+00
c0007,3.207843e+01,2.786319e+01,3.683288e+01,2.890247e+01,2.701675e+01,2.836214e+01,3.229630e+01,3.082561e+01,2.082959e+01,1.850751e+01,3.005664e+01,2.740687e+01,2.487935e+01,2.320417e+01,1.684144e+01,1.606169e+01,1.844224e+01,2.125355e+01,2.507256e+01,2.399711e+01,2.119301e+01,2.450626e+01,2.345579e+01,2.256032e+01,1.330769e+02,1.519785e+02,9.169802e+01,7.208620e+01,7.478832e+01,8.186192e+01,1.467484e+02,1.476442e+02,7.293992e+01,8.173523e+01,1.139484e+02,1.056735e+02,6.860357e-01,8.535511e-01,1.616814e+00,1.021305e+00,4.406017e-01,-1.443662e-02,6.514620e-01,6.749189e-01,3.427330e-01,2.796849e-03,6.722382e-01,4.998918e-01,4.697948e+00,5.637297e+00,1.070924e+01,8.853341e+00,6.129927e+00,5.682648e+00,4.385856e+00,4.247503e+00,5.516364e+00,4.757287e+00,5.588137e+00,4.936587e+00
c0008,2.102879e+01,3.394241e+01,2.281285e+01,2.308970e+01,2.578904e+01,2.565061e+01,2.020847e+01,1.973495e+01,2.214480e+01,2.165392e+01,1.788772e+01,2.094145e+01,1.740995e+01,9.487306e+00,7.693723e+00,8.279670e+00,9.417752e+00,1.083592e+01,1.469242e+01,1.291571e+01,1.452944e+01,1.640878e+01,1.628722e+01,1.452837e+01,8.486199e+01,6.174614e+01,5.615553e+01,5.490879e+01,6.947154e+01,8.212103e+01,7.269670e+01,5.887305e+01,8.879464e+01,9.997851e+01,7.137721e+01,6.025220e+01,2.359786e+00,2.944478e+00,3.493415e+00,3.445403e+00,3.230663e+00,2.878932e+00,2.654214e+00,2.764383e+00,2.412675e+00,2.116394e+00,2.186589e+00,2.229350e+00,1.296660e+01,1.809628e+01,2.289817e+01,2.188433e+01,2.058231e+01,1.760445e+01,1.551418e+01,1.718859e+01,1.256631e+01,1.026013e+01,1.294614e+01,1.435767e+01
c0009,2.442093e+01,2.757169e+01,2.693232e+01,2.436878e+01,2.142713e+01,2.059434e+01,2.610652e+01,2.586091e+01,2.349550e+01,2.196826e+01,1.951688e+01,1.317689e+01,1.220777e+01,8.519309e+00,8.784930e+00,8.288213e+00,8.772586e+00,7.815234e+00,8.383005e+00,8.370983e+00,8.716988e+00,8.138652e+00,8.948080e+00,9.595775e+00,5.308013e+01,3.928684e+01,4.201790e+01,4.058355e+01,3.783449e+01,3.273299e+01,3.928554e+01,3.549141e+01,4.076248e+01,4.089592e+01,3.755669e+01,3.831053e+01,3.761926e+00,4.453837e+00,4.278316e+00,4.270768e+00,3.992396e+00,3.928514e+00,4.165191e+00,4.504289e+00,4.271992e+00,4.185965e+00,3.771014e+00,3.338221e+00,2.663390e+01,3.910160e+01,3.376645e+01,3.250929e+01,3.097874e+01,3.167709e+01,3.320023e+01,3.971207e+01,3.359066e+01,3.105430e+01,2.962938e+01,2.668666e+01
c0010,3.541044e+01,6.026171e+01,5.210055e+01,5.619835e+01,6.250000e+01,8.033747e+01,3.517988e+01,3.744064e+01,8.438300e+01,9.055998e+01,5.892789e+01,2.903841e+01,2.840118e+01,1.477938e+01,1.559949e+01,1.515144e+01,1.871351e+01,2.075244e+01,2.797141e+01,2.933060e+01,2.982823e+01,2.984288e+01,2.700860e+01,2.314470e+01,1.704325e+02,1.535239e+02,1.498842e+02,1.312722e+02,1.643823e+02,1.687318e+02,1.780500e+02,1.932308e+02,1.646681e+02,1.925138e+02,2.010705e+02,1.288042e+02,2.670810e-02,1.234077e+00,1.121368e+00,9.810530e-01,4.779024e-01,1.941846e-01,1.646138e-01,2.435391e-01,-2.705367e-01,-1.380284e-01,2.990061e-01,6.271248e-01,2.487333e+00,4.993775e+00,4.903900e+00,4.469612e+00,3.475663e+00,2.889003e+00,2.698834e+00,3.161654e+00,2.686190e+00,2.427547e+00,2.587205e+00,4.193228e+00
c0011,3.511311e+01,3.908075e+01,3.750842e+01,3.830020e+01,3.830863e+01,2.433176e+01,3.600576e+01,3.329372e+01,3.129242e+01,2.176341e+01,1.799280e+01,2.838542e+01,2.486501e+01,1.077935e+01,1.320735e+01,1.392145e+01,1.576636e+01,1.697299e+01,2.267293e+01,2.047217e+01,1.799459e+01,2.064210e+01,2.059499e+01,2.192552e+01,1.773674e+02,1.028044e+02,1.316785e+02,1.050259e+02,9.681857e+01,1.023566e+02,1.773655e+02,1.697847e+02,1.008230e+02,1.095326e+02,1.154254e+02,1.544946e+02,1.309885e+00,2.284959e+00,2.032385e+00,2.063598e+00,1.438772e+00,1.006259e+00,1.429388e+00,1.560632e+00,1.492211e+00,8.208123e-01,7.742559e-01,8.682632e-01,5.461208e+00,9.457873e+00,8.247563e+00,9.762664e+00,7.429363e+00,5.497318e+00,5.716564e+00,6.239151e+00,7.421545e+00,4.716196e+00,4.269834e+00,4.389136e+00
c0012,3.110695e+01,3.304924e+01,4.452110e+01,3.721591e+01,3.647186e+01,2.274080e+01,3.784126e+01,3.590706e+01,1.710272e+01,1.980260e+01,1.954348e+01,1.704258e+01,1.598458e+01,7.235402e+00,7.851596e+00,9.311771e+00,6.995490e+00,8.356313e+00,1.750715e+01,1.733881e+01,1.750868e+01,1.902370e+01,1.948168e+01,1.859310e+01,7.073670e+01,6.011862e+01,6.733889e+01,6.920953e+01,5.751428e+01,6.571375e+01,7.829614e+01,7.628045e+01,7.078746e+01,7.248050e+01,5.882921e+01,5.294687e+01,2.951963e+00,3.737050e+00,3.946204e+00,3.434605e+00,3.670975e+00,3.433477e+00,2.754222e+00,2.832537e+00,2.176773e+00,2.137741e+00,1.682100e+00,1.859579e+00,1.878861e+01,2.321966e+01,2.406611e+01,1.954115e+01,2.115662e+01,2.058770e+01,1.776929e+01,1.869673e+01,1.318386e+01,1.395398e+01,1.348865e+01,1.516058e+01
c0013,4.113337e+01,4.111472e+01,4.630952e+01,5.043831e+01,4.615801e+01,2.610931e+01,4.322230e+01,4.206140e+01,3.903958e+01,2.096697e+01,2.099291e+01,2.687439e+01,1.699849e+01,9.111090e+00,8.085183e+00,7.201869e+00,7.153680e+00,8.724340e+00,1.556154e+01,1.186431e+01,1.134313e+01,1.289521e+01,1.324526e+01,1.363214e+01,9.542388e+01,7.183959e+01,6.968631e+01,5.884692e+01,5.948366e+01,7.265925e+01,8.887605e+01,7.890108e+01,7.136366e+01,8.447972e+01,7.990204e+01,8.315782e+01,2.817165e+00,3.195532e+00,3.798375e+00,3.979995e+00,3.708282e+00,3.142678e+00,3.049121e+00,3.311196e+00,3.296430e+00,2.628633e+00,2.636553e+00,2.553465e+00,1.486702e+01,1.761448e+01,2.199024e+01,2.369111e+01,2.059027e+01,1.638962e+01,1.692982e+01,1.880635e+01,1.903445e+01,1.282425e+01,1.365887e+01,1.253943e+01
c0014,1.638296e+01,1.765757e+01,2.191352e+01,1.611150e+01,1.412312e+01,1.659877e+01,1.781675e+01,1.654498e+01,1.761045e+01,1.666112e+01,1.435481e+01,1.516581e+01,1.486225e+01,7.560493e+00,6.759332e+00,6.704491e+00,7.088010e+00,6.480425e+00,9.065779e+00,7.390424e+00,7.960170e+00,6.948461e+00,6.450531e+00,7.344207e+00,7.966620e+01,4.606291e+01,3.740214e+01,3.501527e+01,3.697496e+01,3.334333e+01,5.941985e+01,4.765224e+01,4.336747e+01,3.203540e+01,3.029582e+01,3.236126e+01,3.117931e+00,4.179505e+00,4.297521e+00,4.329737e+00,4.395681e+00,4.261016e+00,3.734711e+00,4.047370e+00,4.278817e+00,4.307966e+00,4.147329e+00,3.887010e+00,1.911680e+01,2.932063e+01,3.086487e+01,3.248648e+01,3.430506e+01,3.197387e+01,2.411121e+01,2.772011e+01,3.122136e+01,3.236867e+01,3.048440e+01,2.894694e+01
c0015,6.916359e+01,5.850649e+01,7.115801e+01,7.316558e+01,7.077922e+01,7.699134e+01,6.491153e+01,6.582487e+01,7.292805e+01,4.443655e+01,2.220914e+01,2.004770e+01,2.517860e+01,1.204662e+01,1.204812e+01,1.246749e+01,1.362771e+01,1.340805e+01,2.235118e+01,2.352301e+01,2.454235e+01,2.371313e+01,2.268767e+01,2.202625e+01,1.977439e+02,1.296248e+02,1.336265e+02,1.377144e+02,1.547476e+02,1.571464e+02,1.803999e+02,1.801562e+02,2.092024e+02,1.800041e+02,1.353437e+02,1.247930e+02,1.005571e+00,1.564200e+00,1.694397e+00,1.622110e+00,1.466327e+00,1.428700e+00,1.082356e+00,1.048470e+00,9.775874e-01,1.028070e+00,9.895990e-01,9.090945e-01,3.935020e+00,6.273298e+00,6.910464e+00,6.244686e+00,5.613871e+00,5.313921e+00,4.212013e+00,4.386342e+00,3.702741e+00,4.190049e+00,4.991266e+00,5.060530e+00
c0016,3.852739e+01,3.165641e+01,3.990688e+01,2.531171e+01,1.756629e+01,1.964173e+01,4.052193e+01,4.070901e+01,2.930714e+01,1.708955e+01,2.232788e+01,2.982988e+01,2.353195e+01,1.642808e+01,1.578090e+01,1.622604e+01,1.791725e+01,2.243034e+01,2.115762e+01,1.722220e+01,1.486006e+01,1.875750e+01,2.072024e+01,1.960529e+01,1.368773e+02,1.169048e+02,8.607431e+01,8.024293e+01,8.018133e+01,1.018336e+02,1.424564e+02,1.146086e+02,7.129261e+01,8.490305e+01,9.320651e+01,8.740743e+01,1.404784e+00,1.743513e+00,1.972991e+00,1.494696e+00,9.114804e-01,5.991536e-01,1.572295e+00,1.881475e+00,1.762443e+00,9.523306e-01,8.146401e-01,9.672781e-01,6.453937e+00,7.414937e+00,1.051753e+01,8.804383e+00,6.166514e+00,5.814265e+00,6.805899e+00,7.914789e+00,9.603013e+00,5.576465e+00,5.435305e+00,6.105629e+00
c0017,1.612655e+01,2.650761e+01,1.722287e+01,2.923985e+01,1.872073e+01,1.629586e+01,1.716184e+01,1.632044e+01,1.451061e+01,1.487916e+01,1.466713e+01,1.362211e+01,1.579389e+01,6.817053e+00,6.949995e+00,6.728601e+00,7.467020e+00,6.637839e+00,1.084158e+01,1.454244e+01,1.474175e+01,1.354280e+01,1.709355e+01,1.506713e+01,7.736532e+01,5.034709e+01,5.854304e+01,5.316337e+01,5.998515e+01,5.617547e+01,5.619138e+01,7.339374e+01,7.007327e+01,5.474186e+01,5.033275e+01,4.369391e+01,3.032173e+00,3.885472e+00,3.835628e+00,3.914510e+00,3.857554e+00,3.719004e+00,3.651151e+00,3.055521e+00,2.894423e+00,3.313239e+00,2.440689e+00,2.314517e+00,1.772098e+01,2.379572e+01,2.356467e+01,2.363603e+01,2.413023e+01,2.124341e+01,2.298316e+01,1.741840e+01,1.615526e+01,2.184798e+01,1.942903e+01,1.836146e+01
c0018,2.965142e+01,3.082637e+01,3.408927e+01,2.611154e+01,2.012523e+01,2.231344e+01,3.283264e+01,3.290510e+01,1.815484e+01,2.068791e+01,2.115752e+01,1.876922e+01,1.714426e+01,8.827564e+00,9.119162e+00,9.260763e+00,1.011282e+01,1.096123e+01,1.382775e+01,1.414050e+01,1.576646e+01,1.603103e+01,1.538533e+01,1.740521e+01,6.808475e+01,4.121047e+01,4.426795e+01,4.280129e+01,4.502423e+01,5.737388e+01,5.790001e+01,6.041705e+01,6.110003e+01,5.765586e+01,4.935332e+01,4.749370e+01,3.133407e+00,4.020380e+00,4.166021e+00,3.672865e+00,3.298310e+00,2.854111e+00,3.616602e+00,3.485353e+00,2.412741e+00,2.511880e+00,2.691718e+00,1.934387e+00,2.274969e+01,3.124764e+01,3.250459e+01,2.770330e+01,2.446927e+01,1.898800e+01,2.732759e+01,2.590090e+01,1.614524e+01,1.780996e+01,2.143996e+01,1.777658e+01
c0019,7.010311e+01,6.761894e+01,7.021110e+01,5.341068e+01,5.056534e+01,3.737551e+01,7.057854e+01,7.012001e+01,7.398094e+01,5.247168e+01,5.233594e+01,4.031366e+01,2.302134e+01,2.395027e+01,2.498572e+01,2.485865e+01,2.344888e+01,2.262242e+01,2.267568e+01,2.571660e+01,2.368540e+01,2.424865e+01,2.410034e+01,2.239231e+01,1.413819e+02,1.405497e+02,1.692205e+02,1.572984e+02,1.259737e+02,1.218205e+02,1.408658e+02,1.444157e+02,1.543464e+02,1.558855e+02,1.304759e+02,1.208947e+02,7.486190e-01,7.319747e-01,7.172405e-01,6.474013e-01,5.651575e-01,4.947545e-01,7.788212e-01,6.550167e-01,7.482050e-01,6.431312e-01,5.364989e-01,5.715662e-01,3.923569e+00,4.363076e+00,3.892694e+00,3.908690e+00,4.238708e+00,4.134928e+00,4.173139e+00,4.519116e+00,4.146859e+00,4.183842e+00,4.307979e+00,4.360852e+00
c0020,2.892890e+01,4.154762e+01,2.631494e+01,3.532107e+01,2.365260e+01,2.805285e+01,2.983373e+01,3.055421e+01,2.374085e+01,2.619036e+01,3.966713e+01,2.441466e+01,1.942472e+01,8.916006e+00,1.131555e+01,1.236823e+01,1.340932e+01,1.442601e+01,1.870095e+01,1.936034e+01,2.048663e+01,1.814857e+01,1.993582e+01,1.709320e+01,1.356177e+02,6.428568e+01,9.311507e+01,8.598787e+01,8.787682e+01,9.070621e+01,1.301443e+02,1.279640e+02,1.069107e+02,9.669537e+01,1.363553e+02,7.559836e+01,1.874231e+00,3.853581e+00,2.489428e+00,2.463520e+00,2.266091e+00,1.944539e+00,1.941600e+00,2.021464e+00,1.709993e+00,1.868334e+00,2.208020e+00,2.173284e+00,7.980013e+00,2.328327e+01,1.153637e+01,1.216102e+01,1.121165e+01,9.260959e+00,8.272341e+00,9.086183e+00,8.033744e+00,8.945737e+00,1.095025e+01,1.258127e+01
c0021,3.694123e+01,3.613782e+01,4.735577e+01,5.689103e+01,5.729167e+01,6.826923e+01,3.283254e+01,3.745331e+01,3.027983e+01,2.625382e+01,2.302218e+01,2.727421e+01,2.839347e+01,1.288667e+01,1.310226e+01,1.403088e+01,1.560542e+01,1.724316e+01,2.609310e+01,3.044125e+01,2.803152e+01,2.429039e+01,2.489869e+01,2.737526e+01,1.894148e+02,1.171319e+02,1.131324e+02,1.270294e+02,1.525002e+02,1.570088e+02,1.778919e+02,1.918764e+02,1.886046e+02,1.506572e+02,1.368488e+02,1.450682e+02,4.546960e-01,1.813201e+00,1.762773e+00,1.571460e+00,1.152140e+00,8.597500e-01,6.499423e-01,4.486514e-01,7.623197e-01,9.785172e-01,8.708219e-01,8.307484e-01,3.369512e+00,8.324576e+00,8.408495e+00,7.720537e+00,5.530751e+00,4.278499e+00,3.875548e+00,3.490849e+00,3.608045e+00,4.791283e+00,4.961260e+00,5.114381e+00
c0022,2.532141e+01,3.891109e+01,2.881771e+01,2.502706e+01,2.219794e+01,2.779373e+01,2.629207e+01,3.586311e+01,2.023143e+01,2.289412e+01,1.941742e+01,2.829531e+01,2.295108e+01,1.421381e+01,1.224058e+01,1.664998e+01,1.859039e+01,1.836393e+01,2.226090e+01,1.753000e+01,1.505882e+01,2.058098e+01,2.063599e+01,1.822701e+01,1.317802e+02,9.570310e+01,7.594802e+01,8.460641e+01,1.014432e+02,1.042408e+02,1.333240e+02,1.053558e+02,6.831978e+01,1.038908e+02,1.052203e+02,1.072975e+02,1.379268e+00,2.104253e+00,2.737145e+00,1.508789e+00,8.550390e-01,8.630889e-01,1.451944e+00,1.963329e+00,1.735025e+00,7.957436e-01,8.335097e-01,1.186270e+00,7.281725e+00,1.062112e+01,1.713274e+01,9.596547e+00,5.271502e+00,4.897293e+00,7.455653e+00,1.004695e+01,1.000008e+01,4.707686e+00,4.908704e+00,5.691523e+00
c0023,2.918467e+01,3.822131e+01,3.074983e+01,3.414145e+01,3.220486e+01,3.501571e+01,3.239787e+01,3.208689e+01,2.267842e+01,2.214292e+01,1.808263e+01,1.985073e+01,1.892475e+01,7.889607e+00,7.722204e+00,7.890217e+00,6.812869e+00,6.935743e+00,1.381974e+01,1.451430e+01,1.131842e+01,1.261533e+01,1.183351e+01,1.118977e+01,9.331102e+01,5.894185e+01,5.270090e+01,6.940957e+01,5.294390e+01,5.061185e+01,7.857212e+01,8.394997e+01,6.348326e+01,9.043524e+01,6.149574e+01,5.425979e+01,2.259841e+00,3.754572e+00,3.798899e+00,3.804792e+00,3.925563e+00,3.795657e+00,2.907292e+00,2.850422e+00,3.100910e+00,2.624045e+00,3.323925e+00,3.293783e+00,1.301693e+01,2.322816e+01,2.374401e+01,2.295574e+01,2.380715e+01,2.275097e+01,1.755334e+01,1.747919e+01,1.746497e+01,1.261972e+01,2.266204e+01,2.264254e+01
c0024,2.511381e+01,3.051349e+01,2.714243e+01,2.229368e+01,2.304501e+01,2.921605e+01,3.028984e+01,3.171159e+01,1.959635e+01,2.232050e+01,2.163456e+01,2.028161e+01,1.944536e+01,7.434845e+00,8.490050e+00,8.157303e+00,1.088618e+01,1.124802e+01,1.071140e+01,9.140576e+00,9.579635e+00,1.427191e+01,1.543650e+01,1.456708e+01,1.015271e+02,4.378197e+01,5.248644e+01,4.343450e+01,6.519233e+01,7.094102e+01,6.338428e+01,5.211902e+01,4.589245e+01,8.139050e+01,7.423419e+01,6.289493e+01,2.626753e+00,4.601267e+00,4.174165e+00,3.895356e+00,3.014527e+00,2.843899e+00,4.267988e+00,4.750172e+00,3.723382e+00,2.618149e+00,2.385886e+00,2.352459e+00,1.495094e+01,3.323950e+01,2.901692e+01,2.700010e+01,1.727813e+01,1.462229e+01,2.958017e+01,3.514077e+01,2.468080e+01,1.319419e+01,1.311072e+01,1.472859e+01
c0025,2.449405e+02,2.216418e+02,2.333333e+02,2.439055e+02,2.451493e+02,2.405739e+02,2.438833e+02,2.502640e+02,2.014667e+02,4.789925e+01,5.008293e+01,4.420733e+01,2.464285e+01,1.665206e+01,1.627521e+01,1.785155e+01,1.716778e+01,1.815468e+01,2.293985e+01,2.483908e+01,2.563620e+01,2.306499e+01,2.317176e+01,2.397335e+01,1.307192e+02,1.544408e+02,1.634358e+02,1.751025e+02,1.706386e+02,1.722400e+02,1.257442e+02,1.291581e+02,1.270145e+02,7.482163e+01,6.522662e+01,6.447990e+01,8.322844e-01,8.081297e-01,8.367367e-01,6.864018e-01,8.098100e-01,8.901337e-01,8.255116e-01,7.980284e-01,5.544443e-01,-7.574150e-02,-3.036871e-01,-3.317422e-01,4.218070e+00,3.604083e+00,3.445308e+00,3.190168e+00,3.431882e+00,3.499108e+00,4.366252e+00,4.331042e+00,3.712779e+00,3.797050e+00,3.776375e+00,4.045039e+00
c0026,2.751530e+01,2.775414e+01,3.259504e+01,3.345695e+01,3.029603e+01,3.750700e+01,2.824503e+01,2.944829e+01,2.601631e+01,2.305188e+01,2.794748e+01,2.216250e+01,2.425298e+01,1.165825e+01,1.179021e+01,1.324114e+01,1.498601e+01,1.563882e+01,2.024087e+01,1.785921e+01,1.781391e+01,1.885120e+01,1.808468e+01,1.734704e+01,1.570071e+02,7.316069e+01,8.235790e+01,1.088129e+02,1.237698e+02,1.283154e+02,1.333239e+02,1.090531e+02,1.256509e+02,1.451451e+02,1.346265e+02,1.125127e+02,1.330975e+00,2.676572e+00,2.697261e+00,1.948549e+00,1.840159e+00,1.883227e+00,1.606377e+00,2.012091e+00,1.709832e+00,1.689439e+00,1.691848e+00,1.777056e+00,5.490743e+00,1.475848e+01,1.555972e+01,8.122216e+00,7.348744e+00,7.425127e+00,7.232194e+00,1.076266e+01,7.110268e+00,6.460496e+00,6.644046e+00,7.498210e+00
c0027,3.055203e+01,3.524134e+01,3.245174e+01,2.242509e+01,2.592168e+01,2.414549e+01,3.172796e+01,3.204666e+01,2.335730e+01,2.484045e+01,2.398850e+01,2.355386e+01,2.113253e+01,9.754977e+00,9.623818e+00,1.534122e+01,1.888386e+01,1.724083e+01,1.684414e+01,1.303674e+01,1.419763e+01,2.052922e+01,1.940183e+01,1.820695e+01,1.041388e+02,5.569411e+01,4.340834e+01,1.085183e+02,1.456496e+02,1.455588e+02,9.482431e+01,7.152535e+01,8.197286e+01,1.640982e+02,1.405989e+02,1.084628e+02,2.009401e+00,3.978956e+00,3.572538e+00,1.693676e+00,1.486732e+00,1.585532e+00,2.536204e+00,3.377117e+00,2.095643e+00,1.399089e+00,1.507979e+00,1.724532e+00,1.105163e+01,2.754394e+01,2.623700e+01,6.472304e+00,5.394570e+00,5.426435e+00,1.492749e+01,2.242791e+01,9.995380e+00,4.856830e+00,5.335512e+00,7.802198e+00
c0028,2.082575e+01,2.962768e+01,2.672736e+01,2.977358e+01,2.104925e+01,2.666900e+01,2.317985e+01,2.232382e+01,2.196036e+01,2.066612e+01,2.445458e+01,1.849035e+01,1.791628e+01,9.550633e+00,8.506336e+00,1.076137e+01,1.085407e+01,1.308188e+01,1.191785e+01,1.953228e+01,1.851347e+01,1.852823e+01,1.525893e+01,1.820279e+01,8.547724e+01,4.669765e+01,4.663615e+01,7.279937e+01,8.130880e+01,7.138427e+01,6.075105e+01,8.702537e+01,9.283419e+01,8.092562e+01,7.435862e+01,5.577752e+01,2.140136e+00,3.798318e+00,3.616038e+00,2.805750e+00,2.718917e+00,2.443922e+00,2.867193e+00,2.033934e+00,1.972109e+00,1.815769e+00,2.320220e+00,1.889465e+00,1.124014e+01,2.870965e+01,2.456118e+01,1.467062e+01,1.293947e+01,1.279710e+01,1.661486e+01,1.333256e+01,9.864808e+00,9.723405e+00,1.283812e+01,1.473102e+01
c0029,2.218673e+01,2.665480e+01,2.493312e+01,2.016695e+01,1.960605e+01,1.788475e+01,2.137414e+01,2.303083e+01,1.775584e+01,1.628590e+01,1.849593e+01,2.009806e+01,1.302802e+01,9.259829e+00,8.311611e+00,9.937626e+00,1.063114e+01,1.107568e+01,1.359123e+01,1.367374e+01,1.451690e+01,1.460891e+01,1.659618e+01,1.387168e+01,4.469530e+01,3.455115e+01,3.378795e+01,4.388990e+01,4.723368e+01,4.515226e+01,4.867109e+01,4.608723e+01,5.167651e+01,5.790273e+01,6.187241e+01,4.884747e+01,3.121743e+00,3.800438e+00,3.863445e+00,3.144591e+00,3.028137e+00,2.883694e+00,3.026367e+00,2.979929e+00,2.609721e+00,2.544802e+00,2.274933e+00,3.012455e+00,2.497918e+01,3.167858e+01,3.110046e+01,2.272013e+01,2.049119e+01,1.937280e+01,2.389602e+01,2.413599e+01,1.841061e+01,1.595801e+01,1.661075e+01,2.378527e+01
c0030,2.392537e+01,2.980621e+01,4.003349e+01,2.770916e+01,1.994949e+01,2.852437e+01,2.707575e+01,2.630385e+01,2.255965e+01,1.691615e+01,2.193768e+01,2.363284e+01,2.453363e+01,1.376061e+01,1.234677e+01,1.656174e+01,1.878568e+01,1.861548e+01,2.165043e+01,1.679679e+01,1.809387e+01,2.022130e+01,2.202369e+01,2.006539e+01,1.448734e+02,8.921017e+01,7.268405e+01,8.266970e+01,8.722676e+01,9.353224e+01,1.305195e+02,1.180814e+02,8.840631e+01,9.448159e+01,9.375685e+01,1.056324e+02,1.094175e+00,1.758780e+00,2.415685e+00,1.317093e+00,8.866650e-01,6.873599e-01,1.391846e+00,1.600364e+00,1.355103e+00,7.132813e-01,4.828114e-01,6.394851e-01,5.865552e+00,8.668775e+00,1.310050e+01,8.637309e+00,6.707916e+00,5.232798e+00,6.613455e+00,7.251582e+00,8.835992e+00,5.474063e+00,5.104003e+00,4.383008e+00
c0031,2.407364e+01,3.028883e+01,2.092740e+01,1.727119e+01,1.610148e+01,1.839459e+01,3.404472e+01,3.471576e+01,1.351288e+01,1.616029e+01,1.886864e+01,2.452592e+01,1.705024e+01,9.828242e+00,9.118723e+00,8.677385e+00,1.436722e+01,1.591839e+01,1.344313e+01,1.031273e+01,1.037043e+01,1.812580e+01,1.847050e+01,1.471043e+01,8.847875e+01,7.076538e+01,4.066671e+01,3.204207e+01,5.797437e+01,6.281183e+01,7.685676e+01,6.233931e+01,3.759210e+01,6.385409e+01,6.992822e+01,6.532633e+01,2.982409e+00,3.626865e+00,3.994776e+00,3.352619e+00,2.003775e+00,1.812142e+00,3.577980e+00,3.974594e+00,3.171852e+00,1.696703e+00,1.631717e+00,2.483576e+00,1.765896e+01,2.086504e+01,3.175224e+01,2.353512e+01,1.316513e+01,1.201590e+01,2.174495e+01,2.481813e+01,2.206975e+01,1.145224e+01,1.094967e+01,1.462551e+01
