f0001,5.523258e+01,5.132228e+01,9.356633e+01,1.477486e+02,1.510759e+02,6.035057e+01,7.330777e+01,1.625726e+02,1.964617e+02,9.707548e+01,2.364951e+01,1.808136e+01,1.838746e+01,2.259015e+01,1.852595e+01,2.231234e+01,2.615625e+01,2.547071e+01,2.639683e+01,1.994103e+01,1.196697e+02,1.231771e+02,1.437733e+02,1.673743e+02,1.164613e+02,8.508481e+01,1.418534e+02,1.809633e+02,2.022624e+02,1.197241e+02,6.263075e-01,1.144131e+00,9.544589e-01,5.980629e-01,5.563903e-01,5.193938e-01,3.422092e-01,4.610615e-01,6.110997e-01,1.163948e+00,3.716168e+00,5.948323e+00,5.001794e+00,3.765697e+00,3.429334e+00,4.249809e+00,3.851179e+00,3.109595e+00,3.521243e+00,6.320906e+00
f0002,0,0,0,0,0,0,0,0,0,0,0,0,0,0,0,0,0,0,0,0,0,0,0,0,0,0,0,0,0,0,0,0,0,0,0,0,0,0,0,0,0,0,0,0,0,0,0,0,0,0
f0003,7.931548e+01,9.392954e+01,1.540902e+02,1.048026e+02,1.478978e+02,8.966138e+01,1.305349e+02,1.928793e+02,1.407459e+02,1.626038e+02,2.817070e+01,2.290840e+01,2.412344e+01,2.467301e+01,1.691182e+01,2.305846e+01,2.707034e+01,2.831143e+01,3.007800e+01,2.471785e+01,1.649784e+02,1.229962e+02,1.374048e+02,1.338561e+02,5.583258e+01,8.494367e+01,1.340188e+02,1.775866e+02,1.777671e+02,1.519281e+02,2.452965e-01,3.635755e-01,2.129280e-01,2.361383e-03,1.340661e-01,2.868263e-01,1.218529e-01,1.948890e-01,1.037688e-02,2.628026e-01,2.869746e+00,3.873918e+00,3.790830e+00,3.320942e+00,3.698092e+00,3.619094e+00,3.406426e+00,2.956613e+00,3.055421e+00,2.894156e+00
f0004,4.895728e+01,1.016082e+02,1.109636e+02,1.727578e+02,1.371598e+02,5.598081e+01,9.846336e+01,2.119537e+02,1.822178e+02,7.796893e+01,2.467054e+01,2.300548e+01,2.236594e+01,2.312745e+01,2.181352e+01,2.142792e+01,2.871722e+01,2.593005e+01,2.694072e+01,2.335718e+01,1.124669e+02,1.634694e+02,1.788879e+02,1.851711e+02,1.576745e+02,8.083892e+01,1.635867e+02,1.901735e+02,1.997408e+02,1.382078e+02,7.467621e-01,7.023055e-01,6.692132e-01,5.542719e-01,4.156491e-01,4.903971e-01,2.302147e-01,5.301820e-01,3.417902e-01,8.001613e-01,4.256717e+00,4.207658e+00,3.628710e+00,3.526516e+00,3.233929e+00,3.814951e+00,3.342009e+00,3.120562e+00,2.983069e+00,4.626109e+00
f0005,0,0,0,0,0,0,0,0,0,0,0,0,0,0,0,0,0,0,0,0,0,0,0,0,0,0,0,0,0,0,0,0,0,0,0,0,0,0,0,0,0,0,0,0,0,0,0,0,0,0
f0006,8.680014e+01,1.124210e+02,1.474457e+02,2.067591e+02,1.688975e+02,7.992016e+01,2.538542e+02,2.872631e+02,2.183737e+02,9.292400e+01,2.211060e+01,2.115067e+01,2.319064e+01,2.503676e+01,1.844076e+01,2.245630e+01,2.714779e+01,2.943067e+01,2.366078e+01,2.101478e+01,5.226584e+01,1.346327e+02,1.652777e+02,1.845121e+02,5.520770e+01,8.908651e+01,1.791432e+02,2.366869e+02,1.764680e+02,1.283925e+02,-5.336834e-02,8.119021e-01,4.981918e-01,2.173617e-01,-5.115057e-02,4.026813e-01,2.001897e-01,2.272370e-01,3.498977e-01,1.104333e+00,3.634864e+00,4.763882e+00,3.709651e+00,3.205888e+00,3.303391e+00,3.796517e+00,2.840552e+00,2.741507e+00,3.418832e+00,5.929628e+00
f0007,0,0,0,0,0,0,0,0,0,0,0,0,0,0,0,0,0,0,0,0,0,0,0,0,0,0,0,0,0,0,0,0,0,0,0,0,0,0,0,0,0,0,0,0,0,0,0,0,0,0
f0008,8.603335e+01,8.582624e+01,8.178264e+01,9.624750e+01,1.617166e+02,1.364025e+02,1.177320e+02,8.499557e+01,9.391048e+01,1.528973e+02,2.286173e+01,2.266854e+01,2.048179e+01,1.817701e+01,2.284753e+01,2.927246e+01,2.183775e+01,2.055922e+01,1.894460e+01,2.346595e+01,9.396788e+01,1.262313e+02,1.226711e+02,1.111041e+02,7.442028e+01,4.735206e+01,9.970700e+01,1.125539e+02,1.110439e+02,1.035312e+02,6.078994e-01,6.836992e-01,1.032927e+00,1.043418e+00,1.320673e-01,-2.482438e-01,5.280783e-01,8.125287e-01,9.755952e-01,2.529546e-01,3.853621e+00,5.042287e+00,5.894320e+00,5.664319e+00,4.503465e+00,3.348470e+00,4.223262e+00,4.975248e+00,5.711746e+00,3.609768e+00
f0009,5.766530e+01,8.423822e+01,1.124088e+02,1.522138e+02,1.827343e+02,6.357626e+01,6.868091e+01,1.067959e+02,1.186203e+02,9.299140e+01,2.723460e+01,2.054890e+01,2.314164e+01,2.157833e+01,1.845991e+01,2.546028e+01,2.594386e+01,2.648686e+01,2.574794e+01,2.399503e+01,1.163639e+02,1.225090e+02,1.462516e+02,1.557161e+02,1.164277e+02,1.186185e+02,1.493735e+02,1.883872e+02,1.640351e+02,1.178192e+02,3.959276e-01,5.347257e-01,4.153674e-01,6.587753e-01,9.752851e-01,6.147386e-01,5.524833e-01,4.813248e-01,5.382587e-01,5.954622e-01,3.589079e+00,3.955918e+00,3.793070e+00,4.003401e+00,4.963232e+00,3.986028e+00,3.637848e+00,3.028689e+00,3.665665e+00,3.594618e+00
f0010,1.095838e+02,7.867913e+01,1.238048e+02,1.306324e+02,9.406100e+01,1.048221e+02,9.268380e+01,8.785426e+01,9.088568e+01,1.006008e+02,2.469006e+01,2.088827e+01,2.413344e+01,2.503777e+01,2.241349e+01,2.571628e+01,2.438120e+01,2.686762e+01,2.776126e+01,2.375799e+01,9.331242e+01,1.004247e+02,1.282187e+02,1.420147e+02,1.426292e+02,9.136879e+01,1.089002e+02,1.608361e+02,1.588547e+02,1.213386e+02,1.495375e-01,4.140827e-01,3.090932e-01,5.098913e-01,4.824112e-01,3.808405e-01,4.761211e-01,5.702679e-01,4.298993e-01,5.958236e-01,3.180319e+00,3.877769e+00,3.633373e+00,3.708848e+00,4.214851e+00,3.394513e+00,3.907958e+00,3.855157e+00,4.153936e+00,4.168728e+00
f0011,0,0,0,0,0,0,0,0,0,0,0,0,0,0,0,0,0,0,0,0,0,0,0,0,0,0,0,0,0,0,0,0,0,0,0,0,0,0,0,0,0,0,0,0,0,0,0,0,0,0
f0012,0,0,0,0,0,0,0,0,0,0,0,0,0,0,0,0,0,0,0,0,0,0,0,0,0,0,0,0,0,0,0,0,0,0,0,0,0,0,0,0,0,0,0,0,0,0,0,0,0,0
f0013,7.589405e+01,8.834706e+01,1.852681e+02,1.809451e+02,1.490791e+02,6.599866e+01,1.278397e+02,1.742685e+02,1.828436e+02,5.804469e+01,2.225702e+01,2.221551e+01,2.485836e+01,2.504841e+01,2.222984e+01,2.383477e+01,2.177639e+01,2.552295e+01,2.348652e+01,2.016637e+01,9.711959e+01,1.349496e+02,1.775462e+02,1.795573e+02,1.250359e+02,1.006217e+02,1.231297e+02,1.712634e+02,1.554589e+02,1.021659e+02,4.572374e-01,7.109513e-01,5.669580e-01,4.234917e-01,5.020194e-01,4.825958e-01,3.973586e-01,3.500058e-01,4.239942e-01,9.372568e-01,3.521499e+00,4.745323e+00,4.105460e+00,3.995719e+00,4.009563e+00,4.049124e+00,3.740395e+00,3.119523e+00,3.469122e+00,6.189228e+00
f0014,5.280913e+01,7.780281e+01,1.638143e+02,1.601050e+02,1.321021e+02,4.145901e+01,1.010771e+02,1.725972e+02,1.964028e+02,1.391563e+02,2.470087e+01,2.334769e+01,2.288058e+01,2.182510e+01,2.009046e+01,2.306453e+01,2.528859e+01,2.546397e+01,2.726173e+01,2.375465e+01,1.043260e+02,1.587293e+02,1.684886e+02,1.974041e+02,1.459837e+02,9.668230e+01,1.742097e+02,2.450293e+02,2.492673e+02,1.614892e+02,4.956111e-01,5.048107e-01,7.137794e-01,7.612081e-01,7.762023e-01,7.740071e-01,5.759601e-01,6.735219e-01,7.769515e-01,8.300527e-01,4.124689e+00,3.586028e+00,4.019867e+00,3.765746e+00,4.259771e+00,4.612804e+00,3.342259e+00,3.276922e+00,3.811617e+00,4.949272e+00
f0015,5.150874e+01,8.261524e+01,1.035046e+02,1.676748e+02,1.238758e+02,3.789928e+01,5.884509e+01,8.047259e+01,1.463932e+02,4.139266e+01,2.405082e+01,2.128636e+01,2.307671e+01,2.041315e+01,1.904579e+01,2.053172e+01,2.172492e+01,2.152335e+01,2.230087e+01,1.643909e+01,1.085985e+02,1.310884e+02,1.782853e+02,1.549433e+02,8.886937e+01,8.385924e+01,1.358949e+02,1.542493e+02,1.838399e+02,9.337438e+01,4.241033e-01,9.388801e-01,7.229740e-01,7.662565e-01,2.990650e-01,8.137875e-01,8.826693e-01,1.174362e+00,7.937023e-01,1.519246e+00,3.339041e+00,5.478452e+00,4.087708e+00,3.739481e+00,3.606338e+00,5.062907e+00,5.264622e+00,6.785160e+00,3.827516e+00,9.281337e+00
f0016,6.211604e+01,9.923540e+01,2.180529e+02,2.072724e+02,1.832956e+02,1.091352e+02,1.381372e+02,1.245677e+02,1.421505e+02,1.630792e+02,2.420889e+01,2.062201e+01,2.388234e+01,2.609454e+01,2.192826e+01,2.429150e+01,2.158028e+01,2.310562e+01,2.485839e+01,2.360271e+01,8.661431e+01,1.129308e+02,1.609788e+02,2.050111e+02,1.107534e+02,1.114773e+02,1.392191e+02,1.537068e+02,1.614286e+02,9.685762e+01,2.555226e-01,7.795172e-01,3.510074e-01,2.749940e-01,1.418270e-01,6.604581e-01,4.389264e-01,4.095254e-01,2.727116e-01,-3.778466e-02,3.201759e+00,4.579030e+00,3.428098e+00,2.654781e+00,3.378476e+00,4.190275e+00,3.151012e+00,3.422539e+00,3.338257e+00,3.603323e+00
f0017,7.494238e+01,1.039683e+02,115,1.261905e+02,1.531746e+02,9.613985e+01,6.727672e+01,1.603765e+02,1.154014e+02,1.017546e+02,2.373706e+01,2.023652e+01,2.119502e+01,2.038076e+01,1.885944e+01,2.244921e+01,2.700470e+01,2.936390e+01,2.385550e+01,2.388240e+01,5.479186e+01,1.493833e+02,1.613341e+02,1.786267e+02,1.574206e+02,8.532976e+01,1.430551e+02,1.335383e+02,1.096503e+02,9.473206e+01,9.449205e-02,5.968010e-01,3.089169e-01,3.133111e-01,5.158845e-01,2.849569e-01,3.557332e-01,-1.779434e-01,4.944018e-01,2.987622e-01,4.098714e+00,4.026978e+00,3.145759e+00,2.661823e+00,3.278339e+00,3.350663e+00,3.517923e+00,3.267865e+00,3.909689e+00,3.337728e+00
f0018,6.800070e+01,6.300780e+01,6.622347e+01,6.119798e+01,7.341497e+01,6.838879e+01,5.445740e+01,6.125722e+01,5.696183e+01,5.228068e+01,2.237291e+01,1.837319e+01,1.893866e+01,1.671202e+01,1.827937e+01,2.180029e+01,2.313066e+01,2.210522e+01,2.388979e+01,2.217947e+01,6.389382e+01,1.072904e+02,1.105124e+02,1.113473e+02,1.120422e+02,5.144290e+01,1.026750e+02,1.222852e+02,1.295516e+02,1.149469e+02,1.658549e-01,8.677474e-01,9.822058e-01,1.190548e+00,9.091113e-01,6.625141e-03,4.959180e-01,5.058384e-01,4.875101e-01,8.778358e-01,3.757566e+00,4.570624e+00,5.301048e+00,5.723836e+00,4.997259e+00,3.913407e+00,4.604810e+00,3.960689e+00,3.701230e+00,5.782768e+00
f0019,6.097601e+01,1.131794e+02,1.031412e+02,1.140774e+02,1.048214e+02,6.482109e+01,9.559404e+01,1.559156e+02,1.583226e+02,7.904714e+01,2.502995e+01,2.401211e+01,2.157391e+01,2.205902e+01,1.809726e+01,2.230015e+01,2.325323e+01,2.488985e+01,2.450103e+01,2.095919e+01,6.921276e+01,1.594143e+02,1.700053e+02,1.893761e+02,8.496194e+01,8.644466e+01,1.663867e+02,2.067528e+02,2.052293e+02,1.419005e+02,-1.547226e-02,4.852779e-01,7.366939e-01,7.156830e-01,3.906849e-01,4.549121e-01,8.079797e-01,7.499084e-01,6.599635e-01,7.394071e-01,3.747230e+00,3.360640e+00,3.669094e+00,3.854506e+00,4.061178e+00,4.053893e+00,4.567524e+00,3.714345e+00,3.033247e+00,4.868141e+00
f0020,6.355276e+01,7.053081e+01,5.831838e+01,7.358758e+01,9.457366e+01,5.778520e+01,5.734413e+01,6.940474e+01,6.311026e+01,7.681106e+01,2.305732e+01,1.974149e+01,2.165635e+01,2.146798e+01,2.001135e+01,2.373035e+01,2.230796e+01,2.441703e+01,2.159217e+01,2.032035e+01,9.287423e+01,1.127405e+02,1.362229e+02,1.445553e+02,1.075566e+02,1.057541e+02,1.322247e+02,1.358813e+02,1.282375e+02,1.070384e+02,4.930808e-01,8.643741e-01,7.322515e-01,7.090630e-01,8.937999e-01,4.129788e-01,6.522547e-01,7.375981e-01,7.952722e-01,7.199590e-01,3.768085e+00,4.834117e+00,4.876984e+00,4.560475e+00,5.280025e+00,3.714488e+00,4.041969e+00,5.006043e+00,5.041107e+00,4.510733e+00
f0021,6.897420e+01,6.942501e+01,7.681730e+01,9.624069e+01,1.016148e+02,6.036563e+01,8.013225e+01,2.279091e+02,1.132461e+02,1.001661e+02,2.203042e+01,2.138671e+01,2.176137e+01,2.128880e+01,1.844486e+01,2.292732e+01,2.515495e+01,2.480251e+01,2.464219e+01,1.974344e+01,6.636515e+01,1.268576e+02,1.512825e+02,1.781455e+02,1.019860e+02,9.544963e+01,1.480841e+02,1.710348e+02,1.700874e+02,7.100846e+01,1.965733e-01,8.354563e-01,6.443515e-01,6.638099e-01,5.101255e-01,4.717717e-01,1.754539e-01,2.969841e-01,3.202686e-01,5.946969e-01,3.963280e+00,5.272724e+00,4.639772e+00,4.020709e+00,4.391409e+00,3.856641e+00,3.137706e+00,2.940202e+00,3.109297e+00,6.100615e+00
f0022,1.057221e+02,1.187778e+02,1.211017e+02,1.046385e+02,1.747506e+02,1.023009e+02,1.683964e+02,1.392648e+02,1.493678e+02,1.282271e+02,2.408087e+01,2.287433e+01,2.475378e+01,2.714980e+01,2.362191e+01,2.539103e+01,2.449974e+01,2.703729e+01,2.770441e+01,2.381072e+01,6.742704e+01,1.159151e+02,1.452135e+02,1.613497e+02,1.418480e+02,1.242985e+02,1.345396e+02,1.446815e+02,1.536466e+02,1.320024e+02,1.211627e-01,2.787625e-01,3.687552e-01,2.165298e-01,3.369213e-01,3.394670e-01,3.640081e-01,1.818189e-01,2.617114e-01,4.991469e-01,3.240999e+00,3.626126e+00,3.632358e+00,3.550910e+00,3.043847e+00,3.092147e+00,3.160093e+00,3.501945e+00,3.591609e+00,3.573411e+00
f0023,5.826120e+01,1.069983e+02,2.101397e+02,2.081528e+02,2.117697e+02,6.316373e+01,1.339578e+02,2.374711e+02,2.116132e+02,1.364952e+02,2.158587e+01,2.283490e+01,2.517462e+01,2.512658e+01,2.226848e+01,2.430758e+01,2.678457e+01,2.546381e+01,2.794066e+01,2.111930e+01,5.920135e+01,1.231376e+02,1.601464e+02,1.892365e+02,1.250491e+02,1.128596e+02,1.607366e+02,1.756391e+02,1.851405e+02,1.142065e+02,4.372405e-01,4.609283e-01,3.534941e-01,4.046442e-01,3.845933e-01,6.949052e-01,2.124483e-01,3.425293e-01,2.889894e-01,5.015275e-01,4.464080e+00,4.255117e+00,4.198830e+00,4.473463e+00,3.384603e+00,4.320762e+00,3.522988e+00,3.357735e+00,3.125326e+00,3.831851e+00
f0024,4.421805e+01,9.004514e+01,1.039516e+02,1.116917e+02,1.108222e+02,5.562661e+01,1.269013e+02,1.670604e+02,1.189386e+02,8.859749e+01,2.324249e+01,2.266461e+01,2.581242e+01,2.216784e+01,2.253845e+01,2.461374e+01,2.726467e+01,2.606559e+01,2.541143e+01,2.187439e+01,9.814462e+01,1.376640e+02,1.716068e+02,1.821429e+02,1.387123e+02,1.090982e+02,1.611152e+02,1.678303e+02,1.916237e+02,1.119214e+02,5.555880e-01,7.358287e-01,4.773553e-01,7.857991e-01,5.719743e-01,4.596394e-01,3.287322e-01,4.290653e-01,4.842729e-01,7.380184e-01,3.765726e+00,4.209991e+00,3.972874e+00,3.437767e+00,3.516234e+00,3.617537e+00,3.542997e+00,3.584884e+00,3.029213e+00,3.925249e+00
f0025,3.794214e+01,5.984147e+01,8.277778e+01,9.477553e+01,1.299565e+02,5.345207e+01,5.502952e+01,1.021913e+02,8.309119e+01,8.396559e+01,2.262024e+01,2.075379e+01,2.180376e+01,2.043096e+01,2.010312e+01,2.382917e+01,2.586496e+01,2.636557e+01,2.761323e+01,2.269126e+01,9.115716e+01,1.533206e+02,1.824431e+02,1.841519e+02,1.350642e+02,1.016500e+02,1.531912e+02,2.035036e+02,2.048811e+02,1.250131e+02,7.881684e-01,8.277051e-01,7.885216e-01,9.669907e-01,6.784659e-01,6.357621e-01,6.811577e-01,7.473395e-01,4.817947e-01,6.316816e-01,4.312611e+00,4.160178e+00,3.906661e+00,4.598019e+00,3.757661e+00,4.457138e+00,3.806546e+00,3.348087e+00,3.065432e+00,3.615322e+00
f0026,1.075289e+02,1.187298e+02,1.160024e+02,1.244164e+02,1.208912e+02,1.068637e+02,1.019274e+02,1.122238e+02,1.082302e+02,1.220383e+02,2.640407e+01,2.171013e+01,2.253484e+01,2.180785e+01,2.346384e+01,2.484404e+01,2.779679e+01,2.796728e+01,2.719190e+01,2.657726e+01,1.211816e+02,1.362001e+02,1.423765e+02,1.688547e+02,1.613312e+02,6.557677e+01,1.352724e+02,1.841194e+02,1.822047e+02,1.360845e+02,4.418771e-01,6.025722e-01,5.663726e-01,6.318509e-01,4.897961e-01,2.090335e-01,3.073152e-01,5.373062e-01,6.389494e-01,6.100107e-01,3.616155e+00,3.456792e+00,3.651354e+00,3.577559e+00,3.375111e+00,3.211393e+00,3.477469e+00,3.501694e+00,3.812786e+00,3.656505e+00
f0027,6.161245e+01,7.502603e+01,1.016523e+02,1.243516e+02,1.596068e+02,1.389171e+02,1.211106e+02,9.000366e+01,9.002971e+01,1.244337e+02,2.499927e+01,2.315366e+01,2.337390e+01,2.148426e+01,2.034717e+01,2.164055e+01,2.555912e+01,2.727290e+01,2.579571e+01,2.266199e+01,5.401656e+01,1.015941e+02,9.845927e+01,1.102870e+02,9.592648e+01,8.791761e+01,9.452889e+01,1.072695e+02,1.159678e+02,7.582456e+01,-1.447414e-01,2.610244e-01,2.777164e-01,2.272117e-01,3.230546e-01,3.838757e-01,1.307361e-01,1.090673e-01,2.193865e-01,3.454919e-02,3.625972e+00,4.295497e+00,4.132587e+00,3.645038e+00,3.357393e+00,3.527223e+00,3.639448e+00,4.043792e+00,3.708403e+00,3.589145e+00
f0028,7.339471e+01,5.913056e+01,8.917837e+01,1.194509e+02,1.337059e+02,6.490855e+01,1.117403e+02,1.601058e+02,1.082820e+02,5.077423e+01,2.269032e+01,2.392822e+01,2.246743e+01,2.022066e+01,1.962486e+01,2.249278e+01,2.508958e+01,2.790707e+01,2.645831e+01,2.187025e+01,6.387138e+01,1.229589e+02,1.390490e+02,1.403499e+02,1.165290e+02,1.104861e+02,1.490979e+02,2.002349e+02,1.614573e+02,1.282200e+02,4.082996e-01,5.356664e-01,6.011218e-01,6.223089e-01,2.585650e-01,7.266326e-01,3.953486e-01,3.222469e-01,3.720080e-01,1.023387e+00,3.611632e+00,4.795732e+00,4.578247e+00,3.861254e+00,2.969153e+00,4.158477e+00,3.500974e+00,2.935157e+00,3.529810e+00,5.631587e+00
f0029,0,0,0,0,0,0,0,0,0,0,0,0,0,0,0,0,0,0,0,0,0,0,0,0,0,0,0,0,0,0,0,0,0,0,0,0,0,0,0,0,0,0,0,0,0,0,0,0,0,0
f0030,7.296709e+01,7.480464e+01,8.612943e+01,1.705311e+02,1.653500e+02,7.912852e+01,1.376376e+02,1.344469e+02,1.163464e+02,5.949074e+01,2.406982e+01,1.892934e+01,2.080571e+01,2.290626e+01,1.923300e+01,2.060288e+01,2.638650e+01,2.445374e+01,2.768645e+01,2.352591e+01,6.170353e+01,1.045676e+02,1.283242e+02,1.759554e+02,1.317957e+02,1.009341e+02,1.533653e+02,1.943121e+02,2.161507e+02,1.216666e+02,-1.880070e-02,7.731327e-01,5.539176e-01,6.323833e-01,4.042022e-01,5.156332e-01,4.342211e-01,5.449629e-01,5.502526e-01,7.712431e-01,3.895712e+00,4.718426e+00,3.904981e+00,3.514279e+00,3.386425e+00,3.502315e+00,3.287488e+00,3.222723e+00,2.997851e+00,4.964411e+00
f0031,8.332284e+01,3.957839e+01,4.082063e+01,6.078675e+01,7.536797e+01,4.352826e+01,5.538777e+01,5.442421e+01,1.115079e+02,5.208200e+01,2.702872e+01,2.229072e+01,2.382012e+01,1.948137e+01,1.706436e+01,2.201871e+01,2.710613e+01,2.223515e+01,2.258441e+01,1.988465e+01,1.244218e+02,1.538783e+02,1.485258e+02,1.209299e+02,1.073472e+02,1.064571e+02,1.549562e+02,1.363935e+02,1.367346e+02,1.182466e+02,2.449985e-01,7.543873e-01,5.238041e-01,6.956467e-01,8.791744e-01,7.906035e-01,4.113856e-01,6.889332e-01,6.225162e-01,7.482010e-01,2.861327e+00,4.526266e+00,3.872604e+00,4.429213e+00,4.736244e+00,4.464334e+00,3.544459e+00,4.559525e+00,4.625511e+00,4.986616e+00
f0032,0,0,0,0,0,0,0,0,0,0,0,0,0,0,0,0,0,0,0,0,0,0,0,0,0,0,0,0,0,0,0,0,0,0,0,0,0,0,0,0,0,0,0,0,0,0,0,0,0,0
f0033,5.809986e+01,6.264550e+01,9.240741e+01,2.044841e+02,1.528307e+02,6.048654e+01,1.148756e+02,2.183737e+02,1.780725e+02,1.280179e+02,2.340394e+01,1.871422e+01,2.282868e+01,2.448463e+01,1.979688e+01,2.184509e+01,2.461986e+01,2.677114e+01,2.749430e+01,2.215341e+01,7.714054e+01,1.043120e+02,1.411952e+02,1.934998e+02,1.079970e+02,9.770177e+01,1.451482e+02,1.932808e+02,2.162481e+02,9.562874e+01,4.131592e-01,1.007681e+00,6.158122e-01,4.181886e-01,4.516593e-01,6.086174e-01,3.995320e-01,3.406496e-01,3.525079e-01,5.815633e-01,3.930609e+00,5.646619e+00,4.445019e+00,3.052979e+00,3.590757e+00,3.784293e+00,3.391218e+00,3.011246e+00,2.781251e+00,4.209448e+00
f0034,0,0,0,0,0,0,0,0,0,0,0,0,0,0,0,0,0,0,0,0,0,0,0,0,0,0,0,0,0,0,0,0,0,0,0,0,0,0,0,0,0,0,0,0,0,0,0,0,0,0
f0035,8.961018e+01,1.093566e+02,1.253850e+02,1.616264e+02,2.124795e+02,8.059146e+01,8.359411e+01,1.181325e+02,1.205029e+02,1.358585e+02,2.351474e+01,2.324826e+01,2.407324e+01,2.401600e+01,2.128770e+01,2.326978e+01,3.002385e+01,2.746223e+01,2.725369e+01,2.500871e+01,5.245775e+01,1.204628e+02,1.430947e+02,1.454683e+02,1.257628e+02,8.319614e+01,1.634420e+02,1.593658e+02,1.516222e+02,1.142230e+02,-1.187778e-01,2.972485e-01,3.977606e-01,3.396893e-01,3.721112e-01,2.624842e-01,3.947221e-01,3.576436e-01,1.816082e-01,3.959745e-01,3.607466e+00,3.816448e+00,3.326286e+00,3.192804e+00,3.569313e+00,3.600199e+00,3.570090e+00,3.364202e+00,3.058660e+00,3.340901e+00
f0036,5.178107e+01,6.418674e+01,1.534589e+02,1.767392e+02,1.130433e+02,4.905972e+01,1.097959e+02,1.870694e+02,1.043489e+02,7.144096e+01,2.410750e+01,2.218873e+01,2.362756e+01,2.463759e+01,2.185950e+01,2.835788e+01,2.757190e+01,3.022686e+01,2.753658e+01,2.201723e+01,1.103751e+02,1.256303e+02,1.378569e+02,1.575507e+02,1.362982e+02,1.495071e+02,1.381271e+02,1.623072e+02,1.520241e+02,1.192846e+02,5.350118e-01,4.076772e-01,2.907823e-01,1.116696e-01,5.947733e-01,4.584879e-01,7.876656e-02,5.633419e-02,4.971061e-02,6.739401e-01,3.421721e+00,3.999374e+00,4.070820e+00,3.020707e+00,4.180636e+00,3.840077e+00,3.483067e+00,3.356656e+00,3.128309e+00,4.484734e+00
f0037,5.988451e+01,8.345209e+01,7.471608e+01,1.105378e+02,7.764674e+01,6.657067e+01,9.743495e+01,1.758615e+02,8.495439e+01,7.828509e+01,2.286016e+01,2.123629e+01,2.362087e+01,2.112318e+01,1.731100e+01,2.279180e+01,2.582397e+01,2.738467e+01,2.513379e+01,2.379834e+01,1.106761e+02,1.532550e+02,1.834130e+02,1.640692e+02,1.199804e+02,8.796943e+01,1.557986e+02,1.929721e+02,1.925011e+02,1.269005e+02,7.319655e-01,6.575524e-01,4.900046e-01,6.666664e-01,8.421980e-01,5.763029e-01,3.603702e-01,3.142385e-01,4.902054e-01,7.811942e-01,3.792695e+00,3.805621e+00,3.540430e+00,3.833747e+00,4.726447e+00,4.181857e+00,3.207266e+00,3.008254e+00,3.394663e+00,4.487428e+00
f0038,8.294725e+01,8.872738e+01,1.759933e+02,1.763843e+02,1.308213e+02,7.043049e+01,1.500557e+02,1.899310e+02,2.038171e+02,5.577198e+01,2.399708e+01,2.199649e+01,2.431444e+01,2.434600e+01,2.131896e+01,2.133604e+01,2.517821e+01,2.200164e+01,2.503194e+01,2.412727e+01,8.222188e+01,1.265756e+02,1.816055e+02,1.807497e+02,1.067310e+02,9.573010e+01,1.694923e+02,1.703750e+02,1.858655e+02,1.284504e+02,3.884376e-01,6.682556e-01,6.644519e-01,7.866194e-01,7.203738e-01,7.286842e-01,6.565579e-01,8.563461e-01,7.108875e-01,8.743620e-01,4.197241e+00,4.090229e+00,3.543464e+00,4.374234e+00,4.246963e+00,4.489374e+00,3.806964e+00,4.321034e+00,4.043472e+00,5.166053e+00
f0039,4.897520e+01,9.231035e+01,1.215246e+02,2.054779e+02,2.075980e+02,6.625610e+01,1.270228e+02,1.921506e+02,2.504721e+02,1.554706e+02,2.649922e+01,2.251556e+01,2.244118e+01,2.392600e+01,1.994961e+01,2.322660e+01,2.412503e+01,2.904086e+01,2.590657e+01,2.583877e+01,9.532593e+01,1.279277e+02,1.674576e+02,1.918951e+02,1.423542e+02,1.125908e+02,1.466364e+02,1.963429e+02,1.747412e+02,1.358959e+02,4.090497e-01,4.607652e-01,5.881674e-01,5.629707e-01,6.901563e-01,6.402230e-01,5.074538e-01,3.387941e-01,4.439154e-01,4.926411e-01,3.406835e+00,3.698465e+00,3.634348e+00,3.633451e+00,3.335773e+00,3.894552e+00,3.256294e+00,3.326935e+00,2.918704e+00,3.909256e+00
f0040,1.528330e+02,1.322428e+02,1.339261e+02,1.387063e+02,1.249084e+02,1.359551e+02,1.441584e+02,1.504565e+02,1.226319e+02,1.238332e+02,2.872767e+01,2.449786e+01,2.171348e+01,2.444418e+01,2.317222e+01,3.017436e+01,2.136122e+01,2.213757e+01,2.059545e+01,2.039071e+01,8.121309e+01,9.108144e+01,1.028151e+02,1.373663e+02,1.091324e+02,8.862732e+01,8.105979e+01,8.758407e+01,1.028620e+02,1.270854e+02,8.520967e-02,2.811711e-01,3.205766e-01,3.150266e-01,1.078340e-01,-1.352905e-01,4.240480e-01,7.923157e-03,3.874578e-01,5.890927e-01,3.644874e+00,4.951209e+00,3.468132e+00,3.154959e+00,3.404714e+00,3.646748e+00,4.062331e+00,3.739632e+00,3.526942e+00,3.698566e+00
f0041,0,0,0,0,0,0,0,0,0,0,0,0,0,0,0,0,0,0,0,0,0,0,0,0,0,0,0,0,0,0,0,0,0,0,0,0,0,0,0,0,0,0,0,0,0,0,0,0,0,0
f0042,9.319196e+01,1.397130e+02,1.172989e+02,1.441928e+02,1.649834e+02,1.029347e+02,1.082738e+02,1.515760e+02,1.439803e+02,1.471782e+02,2.507165e+01,2.139344e+01,2.116497e+01,2.098591e+01,1.953494e+01,2.464329e+01,2.614780e+01,2.987074e+01,2.884679e+01,2.762698e+01,1.248473e+02,1.380895e+02,1.387532e+02,1.224738e+02,8.429538e+01,8.397670e+01,1.572798e+02,1.859645e+02,1.768392e+02,1.604848e+02,5.748832e-01,7.316053e-01,5.638466e-01,4.111520e-01,2.571546e-01,3.463874e-01,3.356062e-01,2.544534e-01,2.459223e-01,2.648906e-01,3.544342e+00,3.887360e+00,3.728955e+00,3.586297e+00,3.618024e+00,3.711716e+00,3.343777e+00,3.317727e+00,3.445674e+00,3.211151e+00
f0043,0,0,0,0,0,0,0,0,0,0,0,0,0,0,0,0,0,0,0,0,0,0,0,0,0,0,0,0,0,0,0,0,0,0,0,0,0,0,0,0,0,0,0,0,0,0,0,0,0,0
f0044,4.366187e+01,1.071123e+02,1.230667e+02,1.409524e+02,1.461070e+02,4.767785e+01,1.323103e+02,1.889448e+02,1.627422e+02,1.071746e+02,2.382161e+01,2.339974e+01,2.393398e+01,2.496208e+01,2.017243e+01,2.437371e+01,2.548081e+01,2.620484e+01,2.899267e+01,2.105100e+01,1.040618e+02,1.784690e+02,2.033184e+02,2.523459e+02,1.867606e+02,1.144194e+02,1.860879e+02,2.421713e+02,2.459704e+02,1.694805e+02,6.733069e-01,5.778090e-01,6.023859e-01,4.772178e-01,8.250255e-01,5.713345e-01,5.304680e-01,4.498476e-01,4.654979e-01,7.517584e-01,4.326293e+00,3.443211e+00,3.109368e+00,2.677473e+00,3.485899e+00,3.819796e+00,2.993269e+00,2.677185e+00,2.965947e+00,3.321864e+00
f0045,8.438238e+01,7.199831e+01,7.742654e+01,1.183365e+02,9.806124e+01,8.702589e+01,7.943429e+01,1.074933e+02,1.062045e+02,8.844093e+01,2.343226e+01,2.221090e+01,2.548035e+01,2.509352e+01,2.136378e+01,2.502819e+01,2.780572e+01,2.971454e+01,3.005502e+01,2.549837e+01,6.784216e+01,1.190149e+02,1.543557e+02,1.763924e+02,1.359571e+02,1.161150e+02,1.503539e+02,1.945344e+02,1.935362e+02,1.148105e+02,1.632534e-01,6.750890e-01,4.269651e-01,4.196850e-01,6.170065e-01,6.843320e-01,2.781845e-01,2.578535e-01,2.167040e-01,5.748296e-01,3.629290e+00,4.564812e+00,4.343690e+00,3.406027e+00,3.862798e+00,3.847774e+00,3.080258e+00,3.286802e+00,2.781458e+00,4.282248e+00
f0046,8.543451e+01,8.925876e+01,7.694463e+01,8.962194e+01,1.144731e+02,9.078448e+01,7.403725e+01,6.352815e+01,6.955416e+01,9.983581e+01,2.353138e+01,2.059500e+01,2.313688e+01,2.332243e+01,2.518382e+01,2.243775e+01,2.478657e+01,2.319518e+01,2.287368e+01,2.215890e+01,8.321145e+01,1.003503e+02,1.190901e+02,1.056269e+02,7.144300e+01,8.400036e+01,1.033357e+02,1.102240e+02,1.197184e+02,9.247055e+01,3.732034e-01,8.527788e-01,9.004869e-01,4.021262e-01,-4.972801e-02,4.707374e-01,6.718423e-01,7.883455e-01,9.777534e-01,2.956748e-01,3.557410e+00,5.599219e+00,6.400537e+00,4.891885e+00,3.480684e+00,3.899407e+00,5.068915e+00,5.791845e+00,6.000663e+00,4.090863e+00
f0047,1.701834e+02,1.210753e+02,9.576805e+01,7.654378e+01,2.601613e+02,1.767466e+02,7.203322e+01,6.295443e+01,9.539321e+01,2.438955e+02,2.866344e+01,2.206067e+01,2.046284e+01,1.910401e+01,1.719179e+01,2.404460e+01,2.043936e+01,2.138751e+01,2.207371e+01,2.236998e+01,4.451797e+01,1.277143e+02,1.255831e+02,1.524864e+02,8.301697e+01,7.535506e+01,1.068919e+02,1.560792e+02,2.213708e+02,1.189367e+02,-5.025916e-01,3.073674e-01,5.277891e-01,9.192595e-01,-3.936570e-02,6.811261e-02,4.799841e-01,7.994998e-01,8.561556e-01,-4.420966e-02,3.631697e+00,3.803870e+00,3.945806e+00,4.518400e+00,3.970950e+00,3.042407e+00,3.878374e+00,4.022164e+00,3.518204e+00,2.751896e+00
f0048,4.494184e+01,7.359202e+01,1.086272e+02,1.419525e+02,1.382529e+02,4.774042e+01,7.348301e+01,1.554592e+02,1.201758e+02,1.128832e+02,2.378024e+01,2.236833e+01,2.390402e+01,2.323557e+01,2.040941e+01,2.349682e+01,2.371056e+01,2.503164e+01,2.405925e+01,2.389516e+01,8.151626e+01,1.418171e+02,1.852697e+02,1.849912e+02,1.023579e+02,9.856001e+01,1.483971e+02,1.795802e+02,1.691396e+02,1.250636e+02,3.543158e-01,5.289549e-01,5.891610e-01,4.247046e-01,3.255199e-01,5.457467e-01,4.634402e-01,3.111851e-01,3.746606e-01,3.012360e-01,3.857515e+00,3.890203e+00,3.496816e+00,2.874335e+00,3.367609e+00,3.811391e+00,3.614916e+00,2.794181e+00,2.901009e+00,3.006459e+00
f0049,5.147253e+01,6.259979e+01,7.837467e+01,1.003061e+02,1.021617e+02,3.852559e+01,8.827919e+01,1.558027e+02,1.133149e+02,5.034735e+01,2.484265e+01,2.225304e+01,2.275902e+01,1.975328e+01,2.124705e+01,2.296514e+01,2.458506e+01,2.600046e+01,2.578221e+01,1.976326e+01,1.734803e+02,1.547226e+02,1.482211e+02,1.397672e+02,1.408669e+02,1.273129e+02,1.369339e+02,1.640685e+02,1.519312e+02,1.324340e+02,9.906979e-01,9.954630e-01,1.048295e+00,1.071494e+00,9.193679e-01,8.415279e-01,3.908267e-01,4.294741e-01,4.428660e-01,1.431437e+00,4.129627e+00,4.525052e+00,5.167441e+00,5.158238e+00,4.735895e+00,4.444636e+00,4.247617e+00,4.289770e+00,4.460876e+00,7.372463e+00
f0050,7.691747e+01,6.196167e+01,9.589977e+01,4.989736e+01,1.496333e+02,8.821421e+01,6.045656e+01,1.161866e+02,6.865613e+01,1.346066e+02,2.990702e+01,2.640209e+01,2.639958e+01,2.538621e+01,2.259551e+01,2.767376e+01,2.568540e+01,2.198102e+01,2.570427e+01,2.461574e+01,7.874957e+01,1.480414e+02,1.503335e+02,1.352771e+02,4.432400e+01,7.144963e+01,1.181694e+02,1.344593e+02,1.300523e+02,5.749823e+01,1.646357e-01,2.368526e-01,4.179790e-01,5.381601e-01,-3.139279e-01,3.014744e-02,1.543778e-01,6.268370e-01,5.455184e-01,-3.942048e-01,3.513691e+00,3.136212e+00,3.358446e+00,4.064008e+00,4.462907e+00,3.853041e+00,3.662716e+00,3.500394e+00,4.323843e+00,4.137234e+00
f0051,1.451961e+02,1.522792e+02,1.426353e+02,1.139031e+02,1.755556e+02,1.318725e+02,1.327156e+02,1.275593e+02,1.269994e+02,1.490670e+02,2.929280e+01,2.160225e+01,2.229154e+01,2.541860e+01,2.156975e+01,2.662369e+01,2.788263e+01,2.535502e+01,2.599584e+01,2.557987e+01,6.329474e+01,1.108586e+02,1.239713e+02,1.637307e+02,1.322153e+02,1.024347e+02,1.505297e+02,1.687869e+02,1.775616e+02,1.021169e+02,-4.243979e-02,1.282897e-01,3.162541e-01,2.741237e-01,3.528679e-01,4.742893e-01,1.746909e-01,4.384909e-01,4.575851e-01,4.995678e-02,3.309801e+00,3.306401e+00,3.396590e+00,3.329719e+00,3.115033e+00,3.473618e+00,3.227136e+00,3.249789e+00,3.074996e+00,4.643386e+00
f0052,4.496616e+01,7.139911e+01,5.931507e+01,7.193128e+01,9.528118e+01,4.789831e+01,7.803926e+01,1.118512e+02,9.415483e+01,7.758793e+01,2.361239e+01,2.101144e+01,2.110984e+01,2.404139e+01,1.936304e+01,2.615659e+01,2.513677e+01,2.730602e+01,2.395669e+01,1.995503e+01,7.601041e+01,1.205980e+02,1.303456e+02,1.488988e+02,1.112358e+02,1.105152e+02,1.442179e+02,1.533778e+02,1.280697e+02,9.325914e+01,4.028409e-01,6.416013e-01,7.681912e-01,4.722768e-01,7.873233e-01,4.846672e-01,4.301741e-01,4.369444e-01,4.991077e-01,8.024253e-01,3.918098e+00,4.743322e+00,4.545975e+00,3.751384e+00,4.798673e+00,3.940369e+00,3.532244e+00,3.379645e+00,3.590156e+00,4.811046e+00
f0053,6.867882e+01,5.715308e+01,9.764510e+01,1.341462e+02,9.687730e+01,6.187289e+01,8.542247e+01,1.487093e+02,1.193378e+02,9.060146e+01,2.397869e+01,2.040682e+01,2.134693e+01,2.198649e+01,1.887827e+01,2.501950e+01,2.540613e+01,3.109066e+01,2.812771e+01,2.394067e+01,8.848078e+01,1.227512e+02,1.367610e+02,1.612608e+02,1.051842e+02,1.032344e+02,1.361412e+02,1.946694e+02,1.861285e+02,1.298024e+02,5.081175e-01,6.657533e-01,6.714528e-01,5.651332e-01,6.932691e-01,6.733422e-01,4.500094e-01,2.726869e-01,3.582223e-01,5.713751e-01,3.834470e+00,4.324299e+00,4.424857e+00,3.751116e+00,4.697671e+00,4.303360e+00,3.703109e+00,3.256457e+00,3.280449e+00,3.940883e+00
f0054,8.461196e+01,1.002481e+02,1.777483e+02,1.358643e+02,1.341133e+02,8.386078e+01,5.656450e+01,1.239818e+02,9.187219e+01,1.064416e+02,2.300364e+01,2.184180e+01,2.470382e+01,2.222323e+01,2.095943e+01,1.977676e+01,1.933866e+01,1.962090e+01,1.978488e+01,2.223296e+01,6.969520e+01,1.374031e+02,2.217152e+02,2.502828e+02,1.525972e+02,7.521866e+01,1.391944e+02,1.939365e+02,1.601920e+02,1.134894e+02,1.714085e-01,6.778465e-01,6.665743e-01,8.309234e-01,5.705526e-01,4.659064e-01,1.064613e+00,8.518833e-01,1.043123e+00,3.393370e-01,3.763194e+00,3.689908e+00,3.426650e+00,3.411936e+00,4.317472e+00,3.775871e+00,5.430937e+00,3.674680e+00,4.719431e+00,3.994227e+00
f0055,1.674117e+02,1.556638e+02,1.565070e+02,1.610255e+02,1.636187e+02,1.457830e+02,1.389971e+02,1.310431e+02,1.305126e+02,1.787577e+02,2.625089e+01,2.296040e+01,2.149695e+01,2.082377e+01,2.190873e+01,2.610254e+01,2.585634e+01,2.434892e+01,2.549859e+01,2.285458e+01,8.431637e+01,1.209334e+02,1.379937e+02,1.242704e+02,1.068392e+02,8.626570e+01,1.245185e+02,1.369376e+02,1.388420e+02,1.033855e+02,1.061263e-01,3.343613e-01,4.396739e-01,4.040064e-01,2.615719e-01,2.672096e-01,3.389436e-01,4.705793e-01,3.334960e-01,1.885450e-01,3.250167e+00,3.567902e+00,3.266514e+00,3.664189e+00,3.765298e+00,3.598037e+00,3.515903e+00,3.890032e+00,3.573394e+00,3.364877e+00
f0056,6.424232e+01,9.235374e+01,9.853061e+01,9.721088e+01,9.001361e+01,6.172855e+01,5.920363e+01,7.379916e+01,1.007699e+02,7.260891e+01,2.626505e+01,1.984144e+01,2.026942e+01,1.896343e+01,1.999976e+01,2.608447e+01,2.623699e+01,2.729835e+01,2.788478e+01,2.556941e+01,1.316167e+02,1.663080e+02,1.752657e+02,1.665525e+02,1.591439e+02,1.341175e+02,1.300140e+02,1.459109e+02,1.746785e+02,1.160489e+02,2.366501e-01,4.188660e-01,3.225685e-01,5.731621e-01,5.561452e-01,3.385626e-01,2.354234e-01,2.777322e-01,4.301299e-01,4.860639e-01,3.133287e+00,3.061488e+00,3.114478e+00,3.311952e+00,4.486052e+00,3.518286e+00,3.546575e+00,3.297334e+00,3.834250e+00,4.143814e+00
f0057,0,0,0,0,0,0,0,0,0,0,0,0,0,0,0,0,0,0,0,0,0,0,0,0,0,0,0,0,0,0,0,0,0,0,0,0,0,0,0,0,0,0,0,0,0,0,0,0,0,0
f0058,0,0,0,0,0,0,0,0,0,0,0,0,0,0,0,0,0,0,0,0,0,0,0,0,0,0,0,0,0,0,0,0,0,0,0,0,0,0,0,0,0,0,0,0,0,0,0,0,0,0
f0059,8.403864e+01,8.051189e+01,9.201790e+01,1.409933e+02,1.322768e+02,6.723962e+01,8.760206e+01,1.441988e+02,8.138051e+01,1.060887e+02,2.381376e+01,2.159483e+01,2.239742e+01,2.190409e+01,2.199710e+01,2.285856e+01,2.544017e+01,2.618796e+01,2.454962e+01,2.498913e+01,9.793927e+01,1.158903e+02,1.504582e+02,1.796121e+02,1.381762e+02,9.991948e+01,1.261854e+02,1.678846e+02,1.560742e+02,1.437874e+02,5.426653e-01,4.278302e-01,5.697102e-01,6.176468e-01,3.894123e-01,5.301945e-01,3.585395e-01,3.776586e-01,4.455681e-01,3.819775e-01,3.643224e+00,4.220419e+00,3.763181e+00,3.697492e+00,3.223346e+00,3.865673e+00,3.681274e+00,3.340708e+00,3.710184e+00,3.214960e+00
f0060,1.044142e+02,8.382582e+01,1.001447e+02,9.922051e+01,1.361643e+02,8.811891e+01,1.652658e+02,1.405503e+02,1.547170e+02,1.305872e+02,2.494198e+01,1.959251e+01,2.539970e+01,2.280645e+01,1.946179e+01,2.500375e+01,2.856639e+01,2.708692e+01,2.794523e+01,2.449749e+01,1.231054e+02,1.254547e+02,1.448307e+02,1.610568e+02,1.043786e+02,7.828676e+01,1.355071e+02,1.640240e+02,1.551826e+02,1.229694e+02,5.420585e-01,4.909571e-01,1.641558e-01,1.410469e-01,3.677492e-01,1.308444e-01,2.762623e-01,3.530782e-01,3.535455e-01,4.187326e-01,3.828851e+00,3.428030e+00,3.721832e+00,2.919763e+00,3.727147e+00,4.004852e+00,3.745769e+00,3.516329e+00,3.417752e+00,3.588030e+00
f0061,5.061322e+01,4.582892e+01,6.953614e+01,9.932463e+01,1.481704e+02,6.395979e+01,6.984490e+01,1.389915e+02,1.704523e+02,6.695802e+01,2.528987e+01,2.190301e+01,2.046672e+01,2.384607e+01,2.619767e+01,2.820620e+01,2.368211e+01,2.790874e+01,2.865863e+01,2.663192e+01,1.553601e+02,1.379670e+02,1.436688e+02,1.664890e+02,1.937430e+02,1.586573e+02,1.348806e+02,1.992113e+02,2.024466e+02,1.582023e+02,7.392737e-01,9.038085e-01,7.687891e-01,2.981996e-01,9.276665e-02,3.132095e-01,4.117284e-01,1.628724e-01,1.277384e-01,2.671941e-01,3.794832e+00,4.898646e+00,4.733506e+00,3.435233e+00,3.300792e+00,3.179961e+00,3.603843e+00,2.667494e+00,2.876413e+00,4.076355e+00
f0062,1.763572e+02,1.609931e+02,1.530960e+02,1.614534e+02,1.707823e+02,1.544035e+02,1.280753e+02,1.117351e+02,1.162851e+02,2.054178e+02,3.192404e+01,2.401750e+01,2.250523e+01,2.235650e+01,2.333400e+01,2.524739e+01,2.509075e+01,2.639058e+01,2.670347e+01,2.675341e+01,5.294070e+01,1.062609e+02,1.235122e+02,1.262978e+02,1.116004e+02,8.630409e+01,1.165770e+02,1.573775e+02,1.290169e+02,7.343629e+01,-5.674803e-01,2.429864e-01,2.163432e-01,1.348103e-01,8.640601e-03,1.306565e-02,2.876921e-01,3.999155e-01,3.947165e-01,-6.959052e-02,3.975088e+00,3.255692e+00,3.219209e+00,3.028194e+00,3.453624e+00,3.567371e+00,3.587776e+00,3.175867e+00,3.981808e+00,3.727403e+00
f0063,6.313951e+01,7.356499e+01,8.222651e+01,9.051480e+01,8.419562e+01,6.073234e+01,1.120129e+02,8.778441e+01,1.310917e+02,8.233951e+01,2.474357e+01,1.521206e+01,1.653912e+01,1.812569e+01,1.521878e+01,2.424646e+01,2.578244e+01,2.665237e+01,2.716184e+01,2.489017e+01,1.200831e+02,1.494400e+02,1.612830e+02,1.765891e+02,1.539151e+02,1.805956e+02,1.305214e+02,1.597050e+02,1.960646e+02,9.608104e+01,3.937012e-01,9.510046e-01,7.393261e-01,6.502069e-01,7.634017e-01,5.898955e-01,3.801841e-01,4.837507e-01,4.000502e-01,2.046135e-01,3.252469e+00,3.964467e+00,3.548363e+00,3.474282e+00,3.396419e+00,3.122368e+00,3.162685e+00,3.400671e+00,3.174598e+00,3.545702e+00
f0064,0,0,0,0,0,0,0,0,0,0,0,0,0,0,0,0,0,0,0,0,0,0,0,0,0,0,0,0,0,0,0,0,0,0,0,0,0,0,0,0,0,0,0,0,0,0,0,0,0,0
f0065,8.145678e+01,8.914032e+01,8.992543e+01,8.497184e+01,1.062567e+02,8.017581e+01,5.096576e+01,6.542925e+01,8.822430e+01,1.182958e+02,2.455594e+01,2.511969e+01,2.385317e+01,2.174907e+01,2.161739e+01,2.385936e+01,2.646240e+01,3.001922e+01,2.830943e+01,2.888255e+01,1.045370e+02,1.381833e+02,1.425757e+02,1.403320e+02,1.345161e+02,1.059754e+02,1.447009e+02,1.650748e+02,1.465276e+02,1.352649e+02,5.753866e-01,1.920523e-01,3.150650e-01,5.528434e-01,5.210721e-01,6.178941e-01,3.811252e-01,3.657637e-01,3.448942e-01,4.190899e-01,4.067171e+00,3.468998e+00,3.642778e+00,3.809422e+00,3.823424e+00,3.797302e+00,3.556164e+00,4.191269e+00,3.525870e+00,3.894630e+00
f0066,7.984196e+01,8.155643e+01,7.275415e+01,9.895672e+01,1.293799e+02,6.551578e+01,1.032725e+02,1.831376e+02,1.804016e+02,6.592455e+01,2.449353e+01,2.381972e+01,2.297795e+01,2.283441e+01,1.797658e+01,2.069986e+01,2.576208e+01,2.600032e+01,3.077523e+01,2.336947e+01,9.293389e+01,1.405961e+02,1.523001e+02,1.596610e+02,9.800523e+01,8.824225e+01,1.513374e+02,1.835115e+02,2.053270e+02,1.185949e+02,1.870377e-01,6.885444e-01,8.355716e-01,5.801270e-01,5.861438e-01,4.879629e-01,5.705426e-01,4.085232e-01,1.829070e-01,6.612848e-01,3.254771e+00,4.809881e+00,4.918669e+00,3.663625e+00,3.771013e+00,3.912159e+00,4.424950e+00,3.079656e+00,2.910087e+00,4.115227e+00
f0067,1.073770e+02,6.828507e+01,9.079714e+01,1.077309e+02,1.206423e+02,7.213410e+01,6.509531e+01,8.371110e+01,8.287841e+01,9.160053e+01,2.735134e+01,2.156896e+01,2.401189e+01,2.334620e+01,2.293831e+01,2.261322e+01,2.641171e+01,2.752707e+01,2.628037e+01,2.401241e+01,5.395234e+01,1.004439e+02,1.249664e+02,1.159834e+02,8.784323e+01,7.021075e+01,9.929131e+01,1.270429e+02,1.187193e+02,9.738020e+01,-2.476289e-01,5.127106e-01,3.933943e-01,4.268247e-01,2.611853e-01,8.664881e-02,3.563273e-01,4.026626e-01,4.578627e-01,4.490286e-01,4.135703e+00,4.106644e+00,3.913573e+00,3.843673e+00,3.912410e+00,3.473731e+00,3.971813e+00,3.777308e+00,3.664432e+00,3.560114e+00
f0068,0,0,0,0,0,0,0,0,0,0,0,0,0,0,0,0,0,0,0,0,0,0,0,0,0,0,0,0,0,0,0,0,0,0,0,0,0,0,0,0,0,0,0,0,0,0,0,0,0,0
f0069,0,0,0,0,0,0,0,0,0,0,0,0,0,0,0,0,0,0,0,0,0,0,0,0,0,0,0,0,0,0,0,0,0,0,0,0,0,0,0,0,0,0,0,0,0,0,0,0,0,0
f0070,8.455146e+01,8.625541e+01,9.500321e+01,1.519585e+02,1.874333e+02,7.592406e+01,7.857982e+01,1.478686e+02,1.242288e+02,1.128013e+02,2.492767e+01,2.061701e+01,2.364339e+01,2.419780e+01,2.253880e+01,2.170916e+01,2.576658e+01,2.703975e+01,2.720600e+01,2.247246e+01,6.316629e+01,1.330724e+02,1.411713e+02,1.479467e+02,1.012124e+02,8.603048e+01,1.489051e+02,1.732045e+02,1.847783e+02,6.186901e+01,-2.442778e-03,6.483409e-01,4.870348e-01,4.038884e-01,4.169082e-01,4.252828e-01,3.271439e-01,2.615054e-01,2.680260e-01,2.028013e-01,4.164601e+00,3.764219e+00,3.926628e+00,3.566443e+00,3.386864e+00,3.618732e+00,3.104825e+00,2.931791e+00,2.890643e+00,4.202519e+00
f0071,7.515740e+01,4.684182e+01,5.526273e+01,6.863300e+01,7.476190e+01,6.085340e+01,7.352820e+01,9.290540e+01,1.257560e+02,1.342140e+02,2.089017e+01,1.904089e+01,1.835009e+01,1.646512e+01,1.581419e+01,2.492680e+01,1.873242e+01,2.130799e+01,2.189193e+01,2.020226e+01,8.572869e+01,1.067142e+02,1.046589e+02,1.121902e+02,1.023322e+02,7.854555e+01,1.129770e+02,1.363826e+02,1.523114e+02,1.333157e+02,4.833550e-01,8.303392e-01,9.978182e-01,1.650739e+00,1.438011e+00,3.735564e-01,1.086060e+00,7.609579e-01,6.084704e-01,5.180438e-01,3.934549e+00,5.726018e+00,6.519496e+00,9.107611e+00,7.550909e+00,4.068933e+00,6.522405e+00,5.434360e+00,4.290118e+00,3.837221e+00
f0072,0,0,0,0,0,0,0,0,0,0,0,0,0,0,0,0,0,0,0,0,0,0,0,0,0,0,0,0,0,0,0,0,0,0,0,0,0,0,0,0,0,0,0,0,0,0,0,0,0,0
f0073,4.776623e+01,6.399748e+01,9.271987e+01,9.856421e+01,9.740556e+01,6.488098e+01,6.151561e+01,8.328644e+01,6.474674e+01,8.370943e+01,2.348901e+01,1.935693e+01,2.172761e+01,2.008848e+01,1.761763e+01,2.138996e+01,2.280243e+01,2.358029e+01,2.599746e+01,2.206818e+01,9.111036e+01,1.210921e+02,1.585105e+02,1.643312e+02,7.822190e+01,8.070540e+01,1.319485e+02,1.609874e+02,1.850507e+02,1.259117e+02,4.491700e-01,8.397534e-01,7.227598e-01,7.935457e-01,5.368538e-01,5.681512e-01,6.971006e-01,7.563826e-01,5.729215e-01,8.731217e-01,3.783128e+00,5.082072e+00,4.333179e+00,3.906285e+00,5.254449e+00,3.974900e+00,4.643370e+00,4.056482e+00,3.635276e+00,4.726374e+00
f0074,6.596134e+01,6.765743e+01,1.295711e+02,1.973604e+02,1.474269e+02,4.743963e+01,7.697241e+01,1.973770e+02,8.594172e+01,7.379835e+01,2.632359e+01,2.400794e+01,2.215760e+01,2.552675e+01,2.303752e+01,2.311133e+01,2.218590e+01,2.540316e+01,2.138410e+01,2.095912e+01,1.137182e+02,1.395226e+02,1.610504e+02,1.740881e+02,1.207139e+02,9.981100e+01,1.262812e+02,1.842461e+02,1.521896e+02,1.185284e+02,5.698414e-01,6.422353e-01,4.854353e-01,4.442047e-01,4.652567e-02,4.925553e-01,5.199660e-01,4.876083e-01,6.652245e-01,1.059907e+00,3.940430e+00,4.539462e+00,3.370690e+00,3.534251e+00,3.179314e+00,3.750617e+00,3.467559e+00,3.194841e+00,3.492489e+00,5.618902e+00
f0075,0,0,0,0,0,0,0,0,0,0,0,0,0,0,0,0,0,0,0,0,0,0,0,0,0,0,0,0,0,0,0,0,0,0,0,0,0,0,0,0,0,0,0,0,0,0,0,0,0,0
f0076,9.230321e+01,1.009365e+02,9.675334e+01,1.355507e+02,1.355320e+02,6.779360e+01,1.044342e+02,1.327373e+02,1.010412e+02,9.198737e+01,2.339090e+01,2.379722e+01,2.222242e+01,2.383616e+01,2.159456e+01,2.157359e+01,2.509465e+01,2.689373e+01,2.806223e+01,2.492986e+01,9.623834e+01,1.330257e+02,1.692870e+02,1.927498e+02,1.121812e+02,9.033130e+01,1.320000e+02,1.805931e+02,1.704247e+02,1.262704e+02,3.034043e-01,5.123693e-01,6.061613e-01,6.451227e-01,1.829996e-01,6.447850e-01,4.026252e-01,5.031728e-01,3.117079e-01,5.434725e-01,3.590311e+00,4.255522e+00,3.567507e+00,3.268418e+00,3.268789e+00,3.899279e+00,3.259083e+00,3.052721e+00,3.020141e+00,3.858557e+00
f0077,6.336646e+01,1.190494e+02,1.158496e+02,1.613422e+02,1.207462e+02,7.682001e+01,9.240090e+01,1.557934e+02,8.840477e+01,1.270906e+02,2.299769e+01,2.202430e+01,2.288168e+01,2.265184e+01,2.247391e+01,2.255296e+01,2.640884e+01,2.609021e+01,2.481232e+01,2.302212e+01,9.179296e+01,1.194393e+02,1.606679e+02,1.494270e+02,1.484360e+02,9.504288e+01,1.463284e+02,1.741373e+02,1.518720e+02,1.225920e+02,5.323801e-01,5.066016e-01,3.369923e-01,3.677076e-01,6.155524e-01,5.688759e-01,3.065748e-01,2.127439e-01,3.077517e-01,3.939859e-01,3.820049e+00,4.001863e+00,3.199503e+00,3.136016e+00,3.840010e+00,3.849771e+00,2.937607e+00,2.845884e+00,3.169191e+00,3.395589e+00
f0078,4.061988e+01,5.307461e+01,1.381079e+02,1.788521e+02,1.707232e+02,3.588468e+01,9.829114e+01,1.599546e+02,1.505794e+02,8.342908e+01,2.209552e+01,2.184336e+01,2.360622e+01,2.661143e+01,1.897472e+01,2.474477e+01,2.466948e+01,2.298987e+01,2.519029e+01,2.237832e+01,8.596591e+01,1.058045e+02,1.220775e+02,1.397529e+02,1.116053e+02,1.420936e+02,1.287282e+02,1.144353e+02,1.098667e+02,9.468573e+01,3.330283e-01,4.022358e-01,3.140594e-01,1.981046e-01,8.980731e-01,8.001816e-01,3.413025e-01,3.793600e-01,2.392330e-01,5.050897e-01,3.380753e+00,3.892986e+00,3.966923e+00,3.666736e+00,4.563293e+00,4.583248e+00,3.551052e+00,3.471731e+00,3.425596e+00,4.330043e+00
f0079,1.040974e+02,1.211197e+02,1.349292e+02,1.464093e+02,1.319048e+02,9.157588e+01,1.313271e+02,1.506667e+02,1.354450e+02,1.483906e+02,2.299468e+01,2.011338e+01,2.046584e+01,2.121539e+01,2.046342e+01,2.282606e+01,2.329847e+01,2.178279e+01,2.169070e+01,1.961490e+01,5.879265e+01,1.238205e+02,1.412098e+02,1.532971e+02,1.114364e+02,7.990393e+01,1.410978e+02,1.558905e+02,1.615925e+02,9.842058e+01,1.289312e-01,4.148187e-01,3.289881e-01,3.294021e-01,2.801582e-01,3.755819e-01,2.203937e-01,3.529264e-01,4.624557e-01,4.718611e-01,3.813058e+00,3.985214e+00,3.448375e+00,3.131568e+00,3.441767e+00,3.812238e+00,3.415330e+00,3.008853e+00,3.251018e+00,3.808182e+00
f0080,4.307553e+01,7.953283e+01,6.592803e+01,5.708965e+01,6.469697e+01,4.685695e+01,4.359048e+01,5.513745e+01,7.441166e+01,5.591089e+01,2.215720e+01,1.584553e+01,1.455965e+01,1.293838e+01,1.397607e+01,2.410057e+01,1.839171e+01,1.776085e+01,1.821927e+01,1.308062e+01,1.030452e+02,9.606929e+01,8.328624e+01,7.290939e+01,6.471281e+01,1.364922e+02,9.286355e+01,1.336008e+02,1.135105e+02,6.390898e+01,1.164699e+00,2.293870e+00,2.907905e+00,2.749899e+00,2.008946e+00,9.433395e-01,2.466135e+00,2.344153e+00,1.920559e+00,2.604255e+00,6.703466e+00,1.253504e+01,1.682907e+01,1.703333e+01,1.165902e+01,5.136207e+00,1.356013e+01,1.367878e+01,1.099985e+01,1.419154e+01
f0081,5.421042e+01,9.142949e+01,1.515718e+02,1.604994e+02,1.451386e+02,4.948328e+01,9.458865e+01,1.777236e+02,1.718099e+02,1.041790e+02,2.453085e+01,2.180259e+01,2.500729e+01,2.543527e+01,2.014776e+01,2.220373e+01,2.509976e+01,2.386863e+01,2.335820e+01,2.193675e+01,7.847635e+01,1.461854e+02,1.756612e+02,2.046357e+02,1.108120e+02,8.429749e+01,1.463698e+02,1.793933e+02,1.922901e+02,1.086630e+02,2.846857e-01,6.611378e-01,5.268421e-01,6.611517e-01,6.107367e-01,4.452226e-01,5.872106e-01,5.662225e-01,6.977037e-01,1.062696e+00,3.715988e+00,4.078161e+00,3.795638e+00,3.312190e+00,3.657464e+00,4.078940e+00,3.942415e+00,3.155082e+00,3.413350e+00,5.357215e+00
f0082,5.309781e+01,4.919357e+01,8.175962e+01,1.410209e+02,1.022537e+02,3.880242e+01,4.843587e+01,1.034669e+02,4.356891e+01,3.582650e+01,2.457769e+01,2.144470e+01,2.498476e+01,2.439641e+01,1.984160e+01,2.459213e+01,2.521113e+01,2.730433e+01,2.864651e+01,2.387963e+01,1.228323e+02,1.234120e+02,1.453269e+02,1.587381e+02,1.562536e+02,1.574049e+02,1.343218e+02,1.477020e+02,1.317243e+02,9.202834e+01,7.628686e-01,5.129882e-01,4.532649e-01,3.766556e-01,9.449671e-01,1.067286e+00,7.160885e-01,2.728435e-01,2.068932e-01,6.468830e-01,4.164784e+00,4.097859e+00,4.045686e+00,3.457209e+00,4.260266e+00,5.298546e+00,5.205137e+00,3.488677e+00,3.943274e+00,4.963517e+00
f0083,6.338794e+01,6.701979e+01,1.452887e+02,1.422222e+02,1.040321e+02,7.178723e+01,5.903188e+01,1.140204e+02,1.424911e+02,9.722371e+01,2.414949e+01,2.059702e+01,1.975654e+01,2.376335e+01,1.913169e+01,2.140686e+01,2.218640e+01,2.219167e+01,2.193824e+01,2.095544e+01,8.147078e+01,1.213332e+02,1.472400e+02,1.848347e+02,9.963909e+01,8.228528e+01,1.317270e+02,1.818448e+02,1.618405e+02,1.010149e+02,3.652286e-01,8.454239e-01,7.939185e-01,6.147462e-01,5.666132e-01,5.747925e-01,7.674225e-01,7.144822e-01,7.750262e-01,4.867151e-01,4.257978e+00,4.853629e+00,3.597181e+00,3.434713e+00,3.716305e+00,4.347724e+00,4.911364e+00,3.470236e+00,3.877721e+00,4.297473e+00
f0084,7.754595e+01,1.248524e+02,1.819521e+02,1.655068e+02,1.587956e+02,7.956615e+01,1.455952e+02,1.531319e+02,1.639742e+02,1.303816e+02,2.433411e+01,2.120656e+01,2.386205e+01,2.115686e+01,2.163001e+01,2.313599e+01,2.345128e+01,2.210038e+01,2.490817e+01,1.788811e+01,6.183549e+01,1.432220e+02,1.942758e+02,1.760915e+02,1.479198e+02,8.890667e+01,1.569019e+02,1.916640e+02,1.665695e+02,6.831840e+01,-7.619740e-02,5.459208e-01,4.465945e-01,7.970858e-01,3.914114e-01,5.088594e-01,3.791003e-01,5.098871e-01,4.255423e-01,5.340724e-01,3.691236e+00,3.410706e+00,3.046633e+00,3.913549e+00,3.367517e+00,3.824751e+00,3.525280e+00,3.208260e+00,3.620475e+00,5.147186e+00
f0085,5.512094e+01,6.349419e+01,6.975777e+01,8.675049e+01,9.077508e+01,5.018812e+01,8.216256e+01,1.014320e+02,9.377868e+01,7.369377e+01,2.580437e+01,2.259927e+01,2.674024e+01,2.348955e+01,2.053815e+01,2.469847e+01,2.031182e+01,2.568842e+01,2.873089e+01,2.493090e+01,1.103142e+02,9.785052e+01,1.380468e+02,1.171694e+02,9.076646e+01,1.217055e+02,1.025935e+02,1.250564e+02,1.654366e+02,1.222065e+02,6.803274e-01,4.430353e-01,-8.281111e-02,1.924087e-01,4.006370e-01,6.393485e-01,7.089681e-01,2.132623e-01,-1.307106e-01,3.847246e-01,4.003220e+00,4.725519e+00,3.849703e+00,3.765464e+00,4.494084e+00,3.922772e+00,4.987060e+00,4.046552e+00,3.220942e+00,4.061627e+00
f0086,6.585376e+01,7.128239e+01,1.530852e+02,2.092139e+02,1.956105e+02,7.547503e+01,7.284703e+01,1.366892e+02,1.603351e+02,1.068498e+02,2.433024e+01,2.273303e+01,2.203545e+01,2.659998e+01,2.205754e+01,2.111429e+01,2.169535e+01,2.536846e+01,2.343650e+01,2.143558e+01,8.567203e+01,1.394469e+02,1.831435e+02,2.090846e+02,1.314377e+02,8.858081e+01,1.239785e+02,1.866195e+02,1.933981e+02,1.302050e+02,2.262988e-01,5.757432e-01,6.607761e-01,4.356401e-01,3.267505e-01,5.818400e-01,7.324489e-01,6.312994e-01,6.954778e-01,5.752461e-01,3.437469e+00,4.285541e+00,3.200573e+00,2.987943e+00,3.023422e+00,3.993411e+00,4.727510e+00,3.613460e+00,3.350941e+00,3.632318e+00
f0087,4.070195e+01,7.358228e+01,6.560838e+01,7.690439e+01,1.000864e+02,5.789526e+01,7.317207e+01,1.545745e+02,7.772713e+01,8.379262e+01,2.479003e+01,2.234738e+01,1.878005e+01,2.279453e+01,1.778549e+01,2.152452e+01,2.459240e+01,2.832591e+01,2.849005e+01,2.599171e+01,8.570865e+01,1.387840e+02,1.361618e+02,1.336416e+02,8.625055e+01,1.028066e+02,1.171628e+02,1.449810e+02,1.438815e+02,1.057448e+02,4.126783e-01,8.950015e-01,1.088706e+00,8.697388e-01,8.581896e-01,5.898315e-01,5.978563e-01,2.225123e-01,1.272875e-01,2.145305e-01,4.032153e+00,5.102944e+00,5.163019e+00,5.558519e+00,5.836786e+00,3.654333e+00,4.464964e+00,3.614015e+00,3.466189e+00,3.661095e+00
f0088,4.655467e+01,7.629706e+01,1.481302e+02,2.035376e+02,1.374587e+02,5.421029e+01,1.395828e+02,2.225087e+02,1.838474e+02,6.968653e+01,2.459940e+01,2.237912e+01,2.387915e+01,2.602016e+01,2.126897e+01,2.528830e+01,2.636699e+01,2.429290e+01,2.725847e+01,2.130508e+01,1.332159e+02,1.318065e+02,1.709507e+02,1.832345e+02,1.406480e+02,1.129525e+02,1.459811e+02,1.674584e+02,1.704237e+02,1.202896e+02,5.962204e-01,6.222281e-01,3.503915e-01,1.878080e-01,5.345588e-01,6.117526e-01,2.838570e-01,4.534717e-01,2.470527e-01,7.009556e-01,4.039087e+00,4.404589e+00,3.161543e+00,2.902729e+00,3.366022e+00,4.213621e+00,3.690868e+00,3.172148e+00,3.146105e+00,4.208489e+00
f0089,0,0,0,0,0,0,0,0,0,0,0,0,0,0,0,0,0,0,0,0,0,0,0,0,0,0,0,0,0,0,0,0,0,0,0,0,0,0,0,0,0,0,0,0,0,0,0,0,0,0
f0090,7.660800e+01,8.511905e+01,1.572455e+02,3.106322e+02,2.507184e+02,8.109717e+01,9.787083e+01,1.628555e+02,1.643993e+02,8.392474e+01,2.445269e+01,2.028094e+01,2.234419e+01,2.448488e+01,2.360264e+01,2.466425e+01,2.175256e+01,2.416439e+01,2.448090e+01,2.104544e+01,1.096294e+02,1.197950e+02,1.322619e+02,1.588248e+02,1.549090e+02,1.434031e+02,1.183729e+02,1.346595e+02,1.509943e+02,1.281287e+02,4.928407e-01,4.783263e-01,1.807048e-01,3.761900e-02,-6.744304e-03,4.352275e-01,7.715496e-02,-7.169599e-02,2.660725e-01,4.854491e-01,3.561026e+00,4.029963e+00,3.294808e+00,2.662487e+00,2.754138e+00,3.333694e+00,3.149340e+00,3.138126e+00,3.437260e+00,3.911051e+00
f0091,0,0,0,0,0,0,0,0,0,0,0,0,0,0,0,0,0,0,0,0,0,0,0,0,0,0,0,0,0,0,0,0,0,0,0,0,0,0,0,0,0,0,0,0,0,0,0,0,0,0
f0092,6.544996e+01,9.030993e+01,1.166632e+02,1.634205e+02,1.254748e+02,8.829826e+01,1.395493e+02,1.220081e+02,1.556155e+02,1.563721e+02,2.390174e+01,2.344544e+01,2.284519e+01,2.563285e+01,2.210477e+01,2.500811e+01,2.479248e+01,2.688030e+01,2.361011e+01,2.156676e+01,8.171085e+01,1.505058e+02,1.742386e+02,1.678004e+02,1.248867e+02,1.254560e+02,1.870052e+02,2.248172e+02,1.966852e+02,9.526418e+01,3.832082e-01,4.880945e-01,4.625898e-01,2.922651e-01,4.399133e-01,6.291648e-01,4.237067e-01,3.544409e-01,4.599321e-01,3.566684e-01,3.654554e+00,3.928180e+00,3.062786e+00,3.607794e+00,3.210273e+00,3.722685e+00,3.107534e+00,2.813640e+00,2.734123e+00,3.702947e+00
f0093,4.482575e+01,7.931025e+01,1.200087e+02,1.752035e+02,1.374286e+02,3.884748e+01,1.195254e+02,2.422811e+02,2.132266e+02,1.539168e+02,2.418007e+01,2.453966e+01,2.464497e+01,2.805577e+01,1.908786e+01,2.286599e+01,2.750920e+01,3.079826e+01,2.799544e+01,2.441191e+01,1.026301e+02,1.521623e+02,1.837281e+02,2.276750e+02,1.321844e+02,1.013424e+02,1.673427e+02,2.466053e+02,2.212343e+02,1.751296e+02,6.611703e-01,5.857193e-01,5.633544e-01,3.160286e-01,6.595799e-01,7.163245e-01,3.780428e-01,3.568390e-01,4.287788e-01,5.233204e-01,4.365270e+00,4.356948e+00,5.196073e+00,3.677309e+00,3.279805e+00,4.199186e+00,3.676070e+00,3.421004e+00,3.392005e+00,3.427106e+00
f0094,5.283115e+01,6.713541e+01,8.171959e+01,9.018739e+01,7.710736e+01,5.024364e+01,5.918352e+01,1.255075e+02,9.317665e+01,1.015831e+02,2.227743e+01,2.249559e+01,2.203290e+01,1.885849e+01,1.985005e+01,2.354710e+01,2.113233e+01,2.264172e+01,2.167120e+01,2.038207e+01,6.297569e+01,1.350487e+02,1.526801e+02,7.124959e+01,8.732455e+01,1.121364e+02,1.310390e+02,1.511169e+02,1.541698e+02,9.339392e+01,1.138024e-01,6.846237e-01,7.180632e-01,4.191528e-01,4.902822e-01,6.326691e-01,8.922401e-01,6.845670e-01,8.029310e-01,9.834996e-01,3.746055e+00,4.368313e+00,3.976072e+00,4.472476e+00,4.204736e+00,4.539804e+00,5.682491e+00,3.959790e+00,4.511376e+00,5.806422e+00
f0095,7.485638e+01,1.172023e+02,1.616606e+02,2.357869e+02,1.671216e+02,7.806418e+01,2.855153e+02,3.028084e+02,2.939505e+02,2.070785e+02,2.189272e+01,2.159250e+01,2.494952e+01,2.279239e+01,2.232389e+01,2.493574e+01,2.616250e+01,2.847485e+01,2.600500e+01,2.497237e+01,5.164531e+01,1.290677e+02,1.680905e+02,1.752030e+02,1.526775e+02,1.148945e+02,1.772546e+02,2.071311e+02,1.904524e+02,1.311423e+02,5.924434e-01,3.701286e-01,3.100584e-01,3.848596e-01,3.598775e-01,4.253255e-01,2.456505e-01,2.501795e-01,2.930834e-01,1.698842e-01,4.360718e+00,3.676543e+00,3.332403e+00,2.926982e+00,3.028529e+00,3.717123e+00,2.810276e+00,2.797179e+00,2.909424e+00,3.525277e+00
f0096,4.499700e+01,9.667142e+01,1.530553e+02,1.629727e+02,1.428111e+02,7.165197e+01,1.107064e+02,1.474565e+02,1.488332e+02,5.149608e+01,2.560733e+01,2.486625e+01,2.538867e+01,2.395240e+01,2.208020e+01,2.512994e+01,2.794270e+01,3.048519e+01,2.767473e+01,2.751136e+01,9.203383e+01,1.343018e+02,1.563517e+02,1.717337e+02,1.060643e+02,9.538291e+01,1.486718e+02,1.844888e+02,1.697730e+02,1.470669e+02,2.737404e-01,2.639170e-01,3.485590e-01,4.174403e-01,1.345411e-01,2.525811e-01,1.708438e-01,1.038854e-01,1.778467e-01,4.684202e-01,3.419395e+00,3.762156e+00,3.566807e+00,3.656563e+00,3.278809e+00,3.460727e+00,3.211988e+00,2.529958e+00,2.874448e+00,3.840360e+00
f0097,0,0,0,0,0,0,0,0,0,0,0,0,0,0,0,0,0,0,0,0,0,0,0,0,0,0,0,0,0,0,0,0,0,0,0,0,0,0,0,0,0,0,0,0,0,0,0,0,0,0
f0098,6.315546e+01,7.934954e+01,8.236741e+01,8.158553e+01,7.515862e+01,5.506045e+01,4.722679e+01,6.353038e+01,8.537918e+01,7.642470e+01,2.219175e+01,1.975510e+01,2.143485e+01,1.915706e+01,2.150946e+01,2.358649e+01,2.620407e+01,2.225966e+01,2.354397e+01,1.665124e+01,7.770219e+01,1.260718e+02,1.433296e+02,1.167003e+02,9.194344e+01,9.363970e+01,1.144988e+02,1.206636e+02,1.504967e+02,7.678516e+01,5.628660e-01,1.348551e+00,1.362053e+00,9.670234e-01,3.810653e-01,7.252066e-01,6.118153e-01,8.206231e-01,1.005136e+00,7.692534e-01,4.485894e+00,6.884101e+00,7.678425e+00,5.671549e+00,4.298176e+00,4.837022e+00,5.309694e+00,5.064858e+00,5.650424e+00,4.866091e+00
f0099,9.524799e+01,1.446176e+02,1.138528e+02,1.532900e+02,1.432612e+02,9.411365e+01,1.033739e+02,1.161087e+02,8.954778e+01,9.910980e+01,2.412186e+01,1.799427e+01,1.652064e+01,2.398543e+01,2.060690e+01,2.691876e+01,2.627900e+01,2.818351e+01,2.683234e+01,2.407260e+01,9.826446e+01,1.324353e+02,1.168369e+02,1.698693e+02,1.333771e+02,7.837035e+01,8.635205e+01,1.267820e+02,1.326889e+02,4.909683e+01,4.120129e-01,4.635108e-01,6.711503e-01,1.980276e-01,4.478160e-01,-8.245263e-02,2.216405e-01,2.849347e-01,3.335281e-01,-4.220636e-01,3.562284e+00,2.950121e+00,3.605710e+00,3.034449e+00,3.829571e+00,3.544406e+00,3.973338e+00,4.202487e+00,3.439522e+00,4.447925e+00
f0100,7.497428e+01,8.849262e+01,1.216887e+02,2.057239e+02,1.623932e+02,7.417906e+01,1.326915e+02,1.448822e+02,8.563464e+01,9.754357e+01,2.499565e+01,2.351865e+01,2.662733e+01,2.628573e+01,2.262185e+01,2.478493e+01,2.734547e+01,2.848477e+01,2.733449e+01,2.479346e+01,8.037708e+01,1.431905e+02,1.926642e+02,2.064393e+02,1.599722e+02,1.325354e+02,1.846785e+02,1.903842e+02,1.750737e+02,1.138950e+02,3.083845e-01,3.689622e-01,2.402794e-01,2.505173e-01,4.489251e-01,5.622230e-01,2.556848e-01,1.908708e-01,9.350301e-02,4.638893e-01,3.721124e+00,3.468642e+00,2.929789e+00,2.752008e+00,2.919524e+00,3.532584e+00,2.831510e+00,2.694953e+00,2.739421e+00,4.252982e+00
f0101,6.100574e+01,5.011677e+01,6.480532e+01,6.183955e+01,9.726280e+01,7.461226e+01,5.777598e+01,7.112452e+01,6.963891e+01,4.714108e+01,2.287461e+01,2.021077e+01,2.045759e+01,1.911857e+01,1.563505e+01,2.227508e+01,2.229065e+01,2.328627e+01,2.262140e+01,1.873744e+01,7.057808e+01,1.134828e+02,1.076978e+02,1.216634e+02,6.444695e+01,8.414440e+01,1.089249e+02,1.394893e+02,1.417126e+02,8.812605e+01,2.977378e-01,1.020080e+00,9.647824e-01,1.317549e+00,1.140915e+00,2.256282e-01,8.547457e-01,9.336001e-01,9.915863e-01,1.248609e+00,3.794554e+00,5.635431e+00,6.369518e+00,7.626202e+00,7.130801e+00,3.465660e+00,5.157263e+00,5.321493e+00,6.177175e+00,6.381500e+00
f0102,6.570570e+01,5.310458e+01,7.181762e+01,1.290383e+02,1.097495e+02,4.719149e+01,7.961075e+01,1.998964e+02,1.455977e+02,9.210077e+01,2.077123e+01,1.912620e+01,2.102734e+01,2.221429e+01,1.663171e+01,2.472360e+01,2.274044e+01,2.545092e+01,2.249481e+01,1.965570e+01,5.303644e+01,1.148880e+02,1.511890e+02,1.806356e+02,1.247033e+02,1.378914e+02,1.426543e+02,1.883874e+02,1.774074e+02,1.167983e+02,2.925019e-01,8.318853e-01,6.285090e-01,5.227734e-01,1.210556e+00,6.984712e-01,3.675771e-01,2.853211e-01,3.564902e-01,7.220127e-01,4.324332e+00,4.959143e+00,4.065046e+00,3.137038e+00,5.694600e+00,4.101115e+00,3.287621e+00,3.013432e+00,2.948029e+00,4.627797e+00
f0103,0,0,0,0,0,0,0,0,0,0,0,0,0,0,0,0,0,0,0,0,0,0,0,0,0,0,0,0,0,0,0,0,0,0,0,0,0,0,0,0,0,0,0,0,0,0,0,0,0,0
f0104,0,0,0,0,0,0,0,0,0,0,0,0,0,0,0,0,0,0,0,0,0,0,0,0,0,0,0,0,0,0,0,0,0,0,0,0,0,0,0,0,0,0,0,0,0,0,0,0,0,0
f0105,8.634036e+01,1.211607e+02,1.219232e+02,1.142120e+02,1.285346e+02,6.108160e+01,1.250381e+02,1.995762e+02,1.345918e+02,1.271237e+02,2.279972e+01,2.171196e+01,2.218648e+01,2.115069e+01,2.109682e+01,2.327417e+01,2.152485e+01,2.382015e+01,2.320187e+01,1.859550e+01,8.174811e+01,1.435694e+02,1.616176e+02,1.571907e+02,1.526970e+02,1.256148e+02,1.364983e+02,1.812976e+02,1.563537e+02,9.516996e+01,4.797647e-01,4.976872e-01,5.435249e-01,6.964857e-01,5.650578e-01,5.823318e-01,3.847038e-01,3.352464e-01,3.873743e-01,5.375737e-01,4.028485e+00,3.842431e+00,3.636930e+00,4.133203e+00,3.660561e+00,3.874536e+00,3.483306e+00,3.049247e+00,3.392139e+00,4.437537e+00
f0106,9.128947e+01,6.884833e+01,1.178569e+02,1.750135e+02,1.478686e+02,8.455397e+01,7.426503e+01,1.571624e+02,1.482702e+02,6.117708e+01,2.546056e+01,2.043160e+01,2.017203e+01,1.994518e+01,1.792447e+01,2.277130e+01,2.279498e+01,2.090295e+01,2.123150e+01,1.854704e+01,1.173799e+02,1.187857e+02,1.394935e+02,1.536366e+02,1.142768e+02,1.152320e+02,1.553840e+02,1.436582e+02,1.555435e+02,1.130615e+02,3.578495e-01,6.540791e-01,6.778045e-01,8.349755e-01,8.767166e-01,7.645132e-01,5.428732e-01,7.814096e-01,1.000796e+00,9.431300e-01,3.473671e+00,4.190694e+00,3.902792e+00,4.063388e+00,4.287878e+00,4.184525e+00,4.005236e+00,4.354715e+00,5.288985e+00,5.625283e+00
f0107,5.102021e+01,5.614773e+01,1.457386e+02,2.097285e+02,1.042020e+02,5.215687e+01,7.230450e+01,7.425720e+01,1.392251e+02,8.219194e+01,2.477605e+01,2.111951e+01,2.180913e+01,2.000837e+01,2.111452e+01,2.244500e+01,2.467482e+01,2.307850e+01,2.616592e+01,2.043965e+01,7.713390e+01,1.300193e+02,1.487251e+02,1.708478e+02,9.782434e+01,9.884319e+01,1.473453e+02,1.627366e+02,1.616675e+02,1.017310e+02,3.576147e-01,6.345542e-01,6.722435e-01,8.558782e-01,2.691831e-01,6.818290e-01,5.131388e-01,5.818226e-01,5.635411e-01,8.903797e-01,4.129382e+00,4.210353e+00,4.606825e+00,4.525574e+00,4.629527e+00,4.410221e+00,3.781469e+00,3.952269e+00,3.710402e+00,5.702069e+00
f0108,5.276461e+01,7.911809e+01,1.276241e+02,2.240691e+02,1.518492e+02,6.284460e+01,5.501996e+01,1.789260e+02,9.924951e+01,6.997382e+01,2.268389e+01,1.847606e+01,2.013684e+01,2.122170e+01,1.853318e+01,2.172156e+01,2.244220e+01,2.346689e+01,2.411029e+01,1.942577e+01,9.815160e+01,1.028614e+02,1.376802e+02,1.621810e+02,1.118711e+02,9.761706e+01,1.280255e+02,1.593385e+02,1.745991e+02,1.135842e+02,2.686184e-01,8.452447e-01,8.573644e-01,9.126951e-01,8.111445e-01,6.018251e-01,5.242062e-01,6.388361e-01,6.911341e-01,9.560231e-01,3.211184e+00,5.104329e+00,4.895499e+00,4.872240e+00,5.215694e+00,3.876858e+00,3.903402e+00,4.014389e+00,4.348970e+00,5.251134e+00
f0109,6.128566e+01,4.401432e+01,5.915788e+01,1.088071e+02,9.479631e+01,5.362355e+01,6.224127e+01,8.835587e+01,4.278786e+01,8.088485e+01,2.418861e+01,2.328322e+01,1.895553e+01,2.085752e+01,2.142390e+01,2.293842e+01,2.117242e+01,2.430752e+01,2.188557e+01,2.232088e+01,5.830431e+01,1.105949e+02,1.286625e+02,1.183751e+02,8.322492e+01,8.582842e+01,1.183239e+02,1.555179e+02,1.552414e+02,1.402297e+02,2.264031e-01,3.786582e-01,7.552109e-01,7.508671e-01,2.058506e-01,5.191015e-01,6.050385e-01,5.703991e-01,6.842552e-01,1.054412e+00,4.074255e+00,4.817453e+00,4.622393e+00,5.024845e+00,3.663675e+00,4.355709e+00,4.557960e+00,4.371744e+00,4.120651e+00,5.303180e+00
f0110,7.319779e+01,1.131632e+02,1.076416e+02,1.148847e+02,1.508707e+02,6.906328e+01,1.234523e+02,7.541461e+01,1.180405e+02,1.034099e+02,2.638627e+01,2.046386e+01,1.973144e+01,1.803277e+01,2.224638e+01,2.211350e+01,2.651892e+01,2.224041e+01,2.317222e+01,1.908712e+01,5.407505e+01,1.284568e+02,1.699240e+02,1.778877e+02,1.376402e+02,1.055115e+02,1.310308e+02,1.322222e+02,1.933531e+02,1.138574e+02,-4.158923e-02,8.694634e-01,1.150537e+00,1.222176e+00,2.242787e-01,4.939417e-01,1.302670e-01,5.434073e-01,5.412149e-01,8.248689e-01,3.577871e+00,4.685055e+00,4.624504e+00,5.178729e+00,3.182738e+00,3.763265e+00,3.496732e+00,3.690909e+00,2.868192e+00,4.275404e+00
f0111,4.064053e+01,6.866480e+01,1.364146e+02,2.074136e+02,1.547526e+02,6.780458e+01,1.478015e+02,2.425272e+02,2.047363e+02,1.208556e+02,2.448384e+01,1.828172e+01,1.939781e+01,2.030053e+01,2.071418e+01,2.288934e+01,2.327319e+01,2.339939e+01,2.396762e+01,2.142968e+01,9.989627e+01,1.662034e+02,1.947973e+02,2.129740e+02,1.532052e+02,9.686396e+01,1.930218e+02,2.250040e+02,2.259358e+02,1.256844e+02,5.170993e-01,7.657482e-01,7.893933e-01,7.753146e-01,6.590528e-01,5.207684e-01,6.103374e-01,6.786729e-01,6.736331e-01,5.636163e-01,3.755621e+00,3.633506e+00,3.649277e+00,3.673878e+00,4.057364e+00,3.811464e+00,3.312517e+00,3.411234e+00,3.672429e+00,4.235824e+00
f0112,9.107617e+01,7.378485e+01,9.752515e+01,1.767448e+02,2.553653e+02,7.924973e+01,1.260712e+02,2.008604e+02,1.454136e+02,1.547342e+02,2.311007e+01,1.940238e+01,2.036152e+01,2.510396e+01,2.243602e+01,2.601345e+01,2.577447e+01,2.473802e+01,2.663137e+01,2.469970e+01,9.842386e+01,1.067197e+02,1.227926e+02,1.843018e+02,1.782791e+02,1.538338e+02,1.597208e+02,1.934813e+02,1.912477e+02,1.581968e+02,4.108214e-01,7.127461e-01,4.703425e-01,3.942728e-01,5.134680e-01,5.928080e-01,4.341407e-01,3.539465e-01,3.890703e-01,4.246484e-01,3.311335e+00,4.238993e+00,3.489091e+00,3.271518e+00,2.992784e+00,4.092186e+00,3.364361e+00,2.753637e+00,2.862724e+00,3.347261e+00
f0113,0,0,0,0,0,0,0,0,0,0,0,0,0,0,0,0,0,0,0,0,0,0,0,0,0,0,0,0,0,0,0,0,0,0,0,0,0,0,0,0,0,0,0,0,0,0,0,0,0,0
f0114,5.922513e+01,6.853920e+01,6.923374e+01,5.984848e+01,8.436742e+01,5.104437e+01,4.979187e+01,7.313723e+01,5.407101e+01,9.011150e+01,2.273981e+01,2.025402e+01,1.986271e+01,2.166195e+01,1.856352e+01,2.164550e+01,2.522129e+01,2.446915e+01,2.426288e+01,2.059028e+01,6.666536e+01,1.133913e+02,1.235836e+02,1.396772e+02,1.007023e+02,8.909613e+01,1.158874e+02,1.316709e+02,1.427771e+02,7.405776e+01,-1.771067e-02,1.027707e+00,1.241759e+00,9.235484e-01,8.061567e-01,7.307270e-01,6.686779e-01,8.178122e-01,1.133975e+00,4.636028e-01,3.693538e+00,5.453152e+00,6.298449e+00,4.901583e+00,4.115623e+00,4.371588e+00,4.636820e+00,5.614336e+00,5.626595e+00,4.177430e+00
