f0001,5.419101e+01,6.439196e+01,6.009133e+01,6.172769e+01,5.073976e+01,6.605933e+01,5.252181e+01,5.439375e+01,5.657425e+01,5.348051e+01,9.248251e+01,1.424849e+02,2.316376e+01,2.037161e+01,2.033538e+01,1.732494e+01,1.967888e+01,1.816125e+01,2.315594e+01,2.380854e+01,2.096340e+01,1.987959e+01,2.247778e+01,2.208078e+01,1.174513e+02,1.410620e+02,1.242429e+02,1.004553e+02,1.265189e+02,1.345820e+02,1.214355e+02,1.295580e+02,1.059161e+02,1.304500e+02,1.639052e+02,9.988591e+01,6.003076e-01,7.364941e-01,6.042354e-01,9.676643e-01,9.350327e-01,9.648909e-01,5.427134e-01,4.260282e-01,8.416851e-01,1.013588e+00,6.255850e-01,3.824596e-01,3.600563e+00,4.283967e+00,4.066855e+00,5.587575e+00,5.570806e+00,5.013245e+00,3.520227e+00,3.556452e+00,5.115722e+00,5.114199e+00,3.768251e+00,3.384024e+00
f0002,6.059121e+01,7.958194e+01,6.610808e+01,8.748508e+01,8.718754e+01,1.025238e+02,6.797962e+01,7.228306e+01,7.623727e+01,9.318058e+01,1.050959e+02,1.037218e+02,2.419335e+01,1.799805e+01,1.951245e+01,2.036286e+01,1.911031e+01,2.076552e+01,2.383158e+01,1.904247e+01,2.026414e+01,2.159078e+01,2.594294e+01,2.125550e+01,9.227107e+01,9.242161e+01,1.045720e+02,1.071103e+02,1.096851e+02,1.356482e+02,9.013324e+01,8.454667e+01,9.618313e+01,1.202813e+02,1.637554e+02,1.392375e+02,3.889577e-01,6.661972e-01,6.199311e-01,4.395522e-01,7.640979e-01,7.416029e-01,4.239489e-01,6.339791e-01,6.561576e-01,6.260216e-01,5.882305e-01,6.755882e-01,3.684441e+00,4.275956e+00,3.929295e+00,4.283762e+00,5.264786e+00,4.866938e+00,3.619037e+00,4.005133e+00,4.637014e+00,4.281012e+00,4.636826e+00,4.135754e+00
f0003,7.931548e+01,9.777391e+01,8.982772e+01,8.383178e+01,8.883566e+01,9.633904e+01,8.530888e+01,7.846301e+01,6.924507e+01,9.146631e+01,1.175274e+02,1.264610e+02,2.817070e+01,2.301801e+01,2.253156e+01,2.212834e+01,1.982056e+01,2.384629e+01,2.649138e+01,2.851302e+01,2.545499e+01,2.547221e+01,2.479682e+01,2.448241e+01,1.649784e+02,1.974155e+02,1.748609e+02,1.492299e+02,1.156316e+02,1.488016e+02,1.643727e+02,1.914094e+02,1.404086e+02,1.438198e+02,1.166390e+02,6.093223e+01,2.452965e-01,3.143423e-01,3.635239e-01,2.987881e-01,4.356980e-01,3.093468e-01,2.710269e-01,1.699532e-01,2.181699e-01,3.163939e-01,1.132770e-01,-1.376781e-01,2.869746e+00,2.481912e+00,3.007457e+00,3.447801e+00,3.911421e+00,3.934275e+00,2.795646e+00,2.944016e+00,3.492802e+00,3.654540e+00,3.269679e+00,3.751104e+00
f0004,4.895728e+01,6.929492e+01,6.287713e+01,5.664374e+01,7.484549e+01,1.181635e+02,4.552958e+01,4.567179e+01,6.432576e+01,1.043341e+02,1.587905e+02,6.689038e+01,2.467054e+01,1.897918e+01,1.891906e+01,2.269848e+01,2.200177e+01,2.105639e+01,2.341908e+01,2.446049e+01,2.639117e+01,2.592334e+01,2.515557e+01,2.194220e+01,1.124669e+02,1.213576e+02,1.102697e+02,1.317682e+02,1.559053e+02,1.717826e+02,1.139718e+02,1.191633e+02,1.462099e+02,1.871442e+02,1.327602e+02,8.871025e+01,7.467621e-01,7.646378e-01,8.971642e-01,6.325066e-01,8.293002e-01,7.339117e-01,7.433046e-01,6.178126e-01,5.796213e-01,5.735017e-01,3.568682e-01,3.810761e-01,4.256717e+00,3.919506e+00,4.518233e+00,4.542003e+00,4.548526e+00,4.071143e+00,4.081907e+00,4.036824e+00,4.396667e+00,3.521985e+00,3.482453e+00,4.114150e+00
f0005,4.557622e+01,6.600764e+01,7.225456e+01,6.007483e+01,5.443921e+01,5.976688e+01,4.961717e+01,5.105387e+01,4.893759e+01,7.017754e+01,8.103600e+01,6.180601e+01,2.328724e+01,1.749447e+01,1.992665e+01,2.115711e+01,1.982001e+01,1.974500e+01,2.409770e+01,2.264627e+01,2.283588e+01,2.481844e+01,2.219600e+01,2.252327e+01,7.515375e+01,5.732322e+01,9.936790e+01,1.053940e+02,1.048377e+02,1.190586e+02,7.067236e+01,6.694613e+01,1.028236e+02,1.355713e+02,1.076141e+02,1.060442e+02,1.631529e-01,4.484661e-01,2.639721e-01,5.951848e-01,6.668674e-01,8.533141e-01,1.221750e-01,6.777584e-02,6.463877e-01,6.152777e-01,7.388278e-01,7.008759e-01,3.557275e+00,4.130179e+00,3.492899e+00,4.887382e+00,5.000536e+00,4.816254e+00,3.415664e+00,3.339503e+00,4.834420e+00,4.400063e+00,4.312423e+00,4.793328e+00
f0006,8.680014e+01,8.266307e+01,9.611675e+01,7.615920e+01,8.779551e+01,1.072037e+02,8.657072e+01,8.128330e+01,8.887234e+01,7.713587e+01,9.621983e+01,1.315278e+02,2.211060e+01,1.628966e+01,1.786606e+01,1.984167e+01,2.243795e+01,2.084565e+01,2.427689e+01,1.758823e+01,2.062179e+01,2.125385e+01,2.174069e+01,2.227245e+01,5.226584e+01,8.016511e+01,5.353315e+01,1.063563e+02,1.431645e+02,1.417438e+02,4.785774e+01,7.057045e+01,6.194996e+01,1.258729e+02,1.412599e+02,1.611460e+02,-5.336834e-02,8.576872e-01,1.478223e-01,5.358887e-01,7.225112e-01,7.724609e-01,-1.940287e-01,6.740440e-01,9.401844e-02,6.065024e-01,8.116367e-01,5.475071e-01,3.634864e+00,5.739091e+00,3.912265e+00,3.754158e+00,4.662075e+00,4.657783e+00,3.868202e+00,5.445830e+00,4.013247e+00,3.701099e+00,4.843351e+00,3.632492e+00
f0007,8.943606e+01,1.025901e+02,9.391892e+01,1.022576e+02,8.504397e+01,8.140283e+01,9.163569e+01,9.477778e+01,8.438389e+01,1.174310e+02,1.565422e+02,1.255646e+02,2.483598e+01,2.226737e+01,2.107779e+01,2.092672e+01,1.845723e+01,1.803878e+01,2.241924e+01,2.456067e+01,2.451047e+01,2.368605e+01,2.479466e+01,2.495307e+01,1.065572e+02,1.365304e+02,1.229318e+02,1.295943e+02,1.208612e+02,1.256231e+02,1.085920e+02,1.152734e+02,1.283186e+02,1.388944e+02,1.337531e+02,1.273238e+02,5.585802e-01,4.276968e-01,6.006839e-01,5.756247e-01,7.576766e-01,8.369278e-01,6.215811e-01,5.087959e-01,5.408584e-01,6.054628e-01,4.192610e-01,4.247949e-01,3.935616e+00,3.938425e+00,4.130100e+00,4.170892e+00,4.145048e+00,4.438484e+00,3.805478e+00,4.060974e+00,3.872665e+00,3.570497e+00,3.576606e+00,3.466013e+00
f0008,8.603335e+01,1.179063e+02,9.706424e+01,7.665570e+01,8.647359e+01,7.625095e+01,9.342048e+01,1.112449e+02,9.207026e+01,7.365505e+01,8.956414e+01,7.804172e+01,2.286173e+01,2.179372e+01,2.275223e+01,1.967259e+01,2.217184e+01,2.051573e+01,2.306870e+01,2.238233e+01,2.094821e+01,1.829025e+01,1.989057e+01,1.897277e+01,9.396788e+01,1.137540e+02,1.157337e+02,1.072056e+02,1.248587e+02,1.242051e+02,9.645212e+01,1.166011e+02,1.090799e+02,1.039643e+02,1.158983e+02,1.111717e+02,6.078994e-01,3.128438e-01,3.523695e-01,7.325692e-01,7.748950e-01,8.847553e-01,5.954571e-01,3.396816e-01,4.787894e-01,8.351496e-01,8.463591e-01,1.045588e+00,3.853621e+00,3.683777e+00,4.322364e+00,4.732093e+00,5.610875e+00,5.831352e+00,3.720213e+00,3.668755e+00,4.213268e+00,4.931527e+00,5.385924e+00,6.110631e+00
f0009,5.766530e+01,9.306783e+01,6.354693e+01,6.911476e+01,8.329651e+01,7.033705e+01,5.744857e+01,7.177327e+01,7.259485e+01,1.059418e+02,1.315968e+02,6.504424e+01,2.723460e+01,2.027218e+01,1.974298e+01,2.088021e+01,2.291149e+01,2.161574e+01,2.701542e+01,2.472219e+01,2.386050e+01,2.380373e+01,2.363411e+01,2.360920e+01,1.163639e+02,1.233843e+02,1.129867e+02,1.106952e+02,1.205958e+02,1.378012e+02,1.173332e+02,1.170271e+02,1.086957e+02,1.368942e+02,1.399287e+02,1.260526e+02,3.959276e-01,5.209873e-01,5.024119e-01,4.128471e-01,2.298946e-01,4.455633e-01,3.791389e-01,3.882563e-01,3.595528e-01,5.605161e-01,5.614295e-01,5.565109e-01,3.589079e+00,3.408874e+00,3.843392e+00,4.189845e+00,4.072628e+00,3.847790e+00,3.592101e+00,3.764915e+00,4.264745e+00,3.883636e+00,3.688545e+00,3.808714e+00
f0010,9.995457e+01,9.470237e+01,1.234648e+02,1.032181e+02,7.793662e+01,9.615504e+01,1.029126e+02,9.177387e+01,1.267111e+02,1.480018e+02,8.557538e+01,1.033607e+02,2.396825e+01,2.497800e+01,2.618668e+01,2.539643e+01,2.816601e+01,3.034936e+01,2.441581e+01,2.407955e+01,2.569471e+01,2.342386e+01,2.548516e+01,2.913376e+01,9.094681e+01,9.139535e+01,1.270716e+02,8.708711e+01,1.276649e+02,1.848970e+02,9.463165e+01,9.261039e+01,1.208128e+02,8.568959e+01,1.147672e+02,1.806425e+02,4.188528e-01,4.348666e-01,3.115920e-01,2.720331e-01,5.320579e-01,3.575164e-01,3.744546e-01,4.105640e-01,2.749346e-01,2.664745e-01,5.345315e-01,4.168013e-01,3.473007e+00,3.446288e+00,3.332040e+00,3.650273e+00,4.217781e+00,3.484811e+00,3.299396e+00,3.389067e+00,3.138891e+00,3.274466e+00,4.032026e+00,3.430514e+00
f0011,8.235294e+01,1.064633e+02,1.077800e+02,8.449350e+01,8.085897e+01,9.745743e+01,9.172670e+01,1.196334e+02,8.815134e+01,8.740164e+01,1.226143e+02,1.445841e+02,2.537783e+01,2.025200e+01,2.128519e+01,1.795523e+01,2.119582e+01,2.092254e+01,2.554014e+01,2.137412e+01,2.017605e+01,2.233891e+01,2.156947e+01,2.239745e+01,9.984898e+01,1.231729e+02,1.118687e+02,1.006398e+02,1.244980e+02,1.295766e+02,1.003186e+02,1.139849e+02,1.039535e+02,1.169363e+02,1.272314e+02,1.424909e+02,4.385993e-01,3.073809e-01,3.737771e-01,7.648712e-01,4.747916e-01,3.971653e-01,3.647867e-01,3.249155e-01,5.987746e-01,4.919222e-01,3.745375e-01,3.641546e-01,3.739493e+00,3.333883e+00,3.987518e+00,4.572208e+00,4.044872e+00,3.666038e+00,3.788777e+00,3.516678e+00,4.380460e+00,4.129715e+00,3.689744e+00,3.405580e+00
f0012,6.448384e+01,8.701888e+01,7.606525e+01,6.275062e+01,6.792513e+01,5.128656e+01,6.618547e+01,7.379872e+01,6.568690e+01,5.603511e+01,6.881814e+01,1.129382e+02,2.306950e+01,1.710627e+01,2.081754e+01,1.764363e+01,1.994025e+01,1.929152e+01,2.235814e+01,2.092976e+01,2.091484e+01,2.097882e+01,2.019155e+01,2.386043e+01,9.227758e+01,1.026921e+02,1.110391e+02,1.021405e+02,1.137560e+02,1.091193e+02,9.799367e+01,9.698203e+01,1.062966e+02,1.145522e+02,1.128516e+02,1.354218e+02,4.810557e-01,5.906649e-01,2.028625e-01,5.632601e-01,6.653853e-01,6.046902e-01,4.446353e-01,4.165733e-01,4.875364e-01,6.720689e-01,6.422807e-01,2.454223e-01,3.899607e+00,3.911830e+00,3.902205e+00,3.987158e+00,4.778498e+00,4.664165e+00,3.772357e+00,3.998743e+00,4.334893e+00,4.720865e+00,4.351269e+00,3.479240e+00
f0013,7.420751e+01,7.488280e+01,7.414280e+01,5.319011e+01,7.702369e+01,1.672219e+02,7.962812e+01,7.493075e+01,6.624163e+01,7.143219e+01,1.207510e+02,1.732119e+02,2.176242e+01,2.002569e+01,2.058812e+01,1.837348e+01,2.144183e+01,2.174697e+01,2.190718e+01,2.145198e+01,2.001349e+01,2.361994e+01,2.247478e+01,2.282358e+01,9.496137e+01,1.103736e+02,1.053823e+02,9.647579e+01,1.412992e+02,1.415584e+02,9.494713e+01,1.084370e+02,1.003331e+02,1.335708e+02,1.563475e+02,1.529797e+02,4.470766e-01,3.954930e-01,5.082640e-01,6.950796e-01,5.847703e-01,5.984682e-01,3.812568e-01,2.643474e-01,6.292613e-01,5.117046e-01,6.188032e-01,5.222108e-01,3.443244e+00,3.792611e+00,4.215040e+00,4.588736e+00,4.400540e+00,4.393387e+00,3.406582e+00,3.282710e+00,4.318953e+00,4.562139e+00,4.144805e+00,3.934251e+00
f0014,5.280913e+01,6.261239e+01,6.743388e+01,4.278321e+01,7.510551e+01,1.376771e+02,5.420556e+01,6.158862e+01,5.132906e+01,1.508435e+02,1.157179e+02,5.809400e+01,2.470087e+01,2.155467e+01,1.997865e+01,2.150303e+01,2.311078e+01,2.138594e+01,2.430779e+01,2.550064e+01,2.330532e+01,2.570407e+01,2.463842e+01,2.471579e+01,1.043260e+02,1.163030e+02,1.045487e+02,1.139837e+02,1.625226e+02,1.903130e+02,1.027204e+02,1.083738e+02,1.256796e+02,1.950933e+02,1.583083e+02,1.144259e+02,4.956111e-01,4.916039e-01,5.971407e-01,6.093268e-01,4.982483e-01,7.118324e-01,5.223144e-01,4.463164e-01,6.017270e-01,5.917222e-01,6.374624e-01,5.353632e-01,4.124689e+00,4.171181e+00,4.311652e+00,4.784029e+00,3.671800e+00,3.842582e+00,4.106792e+00,4.399865e+00,4.183974e+00,3.816906e+00,3.967621e+00,4.528136e+00
f0015,5.150874e+01,4.766584e+01,5.679876e+01,6.457667e+01,7.760160e+01,1.065718e+02,4.818376e+01,4.248869e+01,6.192301e+01,6.496959e+01,9.269223e+01,1.156605e+02,2.405082e+01,2.022441e+01,2.312505e+01,2.155992e+01,2.088839e+01,1.995163e+01,2.421729e+01,2.245588e+01,2.208318e+01,2.073295e+01,2.052812e+01,2.263510e+01,1.085985e+02,1.065273e+02,1.221013e+02,1.133332e+02,1.284902e+02,1.598791e+02,1.060268e+02,1.107247e+02,1.137083e+02,1.108345e+02,1.422963e+02,1.831370e+02,4.241033e-01,5.051099e-01,3.398549e-01,7.770032e-01,8.546758e-01,8.751088e-01,4.380690e-01,3.775490e-01,5.844900e-01,8.249164e-01,9.318675e-01,8.105882e-01,3.339041e+00,4.139245e+00,4.014349e+00,5.477298e+00,5.537518e+00,4.619622e+00,3.282734e+00,3.580937e+00,4.406997e+00,5.246475e+00,4.880458e+00,4.173533e+00
f0016,6.211604e+01,1.118393e+02,7.667530e+01,8.939105e+01,9.983861e+01,1.794204e+02,6.317704e+01,1.059283e+02,8.438875e+01,1.013504e+02,9.541556e+01,1.534295e+02,2.420889e+01,2.160020e+01,2.125068e+01,1.843525e+01,1.930490e+01,2.345443e+01,2.336732e+01,2.125521e+01,2.005161e+01,1.882314e+01,1.881007e+01,2.342582e+01,8.661431e+01,8.133269e+01,1.075234e+02,1.025530e+02,1.112685e+02,1.558228e+02,8.491888e+01,8.091038e+01,9.809705e+01,1.079789e+02,1.072603e+02,1.562295e+02,2.555226e-01,-1.481952e-01,3.534711e-01,8.227332e-01,7.337401e-01,3.603936e-01,2.435959e-01,-8.591416e-02,4.583290e-01,7.694631e-01,7.727924e-01,3.853463e-01,3.201759e+00,3.681960e+00,3.894999e+00,4.516696e+00,4.424930e+00,3.447952e+00,3.137364e+00,3.614491e+00,3.771667e+00,4.559435e+00,4.423560e+00,3.244026e+00
f0017,7.494238e+01,1.285714e+02,8.621032e+01,8.462302e+01,8.392857e+01,8.462302e+01,7.661732e+01,7.458785e+01,1.110684e+02,1.221245e+02,9.139879e+01,9.557186e+01,2.373706e+01,1.647078e+01,1.477658e+01,1.603183e+01,1.613712e+01,1.736725e+01,2.396399e+01,2.536468e+01,2.866117e+01,2.503971e+01,2.297802e+01,2.533933e+01,5.479186e+01,9.181731e+01,6.114927e+01,8.249505e+01,1.033755e+02,1.169159e+02,5.296440e+01,5.641154e+01,1.535851e+02,1.371175e+02,1.032082e+02,1.330345e+02,9.449205e-02,3.470805e-01,-3.177390e-02,3.219679e-02,4.803516e-01,4.289275e-01,-6.518546e-02,-2.396434e-01,2.622140e-01,3.146427e-01,2.338618e-01,2.505950e-01,4.098714e+00,3.550484e+00,3.488338e+00,3.808520e+00,3.914798e+00,3.799514e+00,4.255604e+00,4.322912e+00,3.664895e+00,3.349535e+00,3.583731e+00,3.572604e+00
f0018,5.350084e+01,7.930318e+01,6.203635e+01,5.574167e+01,5.386126e+01,6.440378e+01,5.392663e+01,5.744710e+01,5.597410e+01,5.664993e+01,6.695106e+01,6.048864e+01,2.228728e+01,1.580802e+01,1.831433e+01,1.969101e+01,1.811079e+01,2.128327e+01,2.195111e+01,2.542293e+01,2.386814e+01,2.988318e+01,2.512108e+01,2.307409e+01,8.535098e+01,7.789541e+01,8.894863e+01,1.050475e+02,1.044888e+02,1.188107e+02,7.954639e+01,8.769925e+01,7.702207e+01,1.123993e+02,8.803145e+01,9.346568e+01,3.365837e-01,6.258860e-01,3.803377e-01,4.765960e-01,7.825961e-01,5.699551e-01,3.761032e-01,3.643638e-01,7.322285e-02,1.825056e-01,2.165945e-01,3.330345e-01,3.717148e+00,5.006327e+00,4.230069e+00,4.664990e+00,5.047769e+00,4.989743e+00,3.971481e+00,3.982010e+00,3.854209e+00,4.867273e+00,4.727845e+00,3.974080e+00
f0019,6.097601e+01,7.897419e+01,6.555802e+01,8.554909e+01,1.084473e+02,1.097007e+02,5.785266e+01,6.309841e+01,7.672646e+01,9.761636e+01,9.883582e+01,1.254695e+02,2.502995e+01,1.669542e+01,2.277875e+01,2.173823e+01,2.276802e+01,1.998202e+01,2.274946e+01,2.250184e+01,2.229823e+01,2.297724e+01,1.998737e+01,2.024296e+01,6.921276e+01,7.792625e+01,9.073066e+01,1.313078e+02,1.541135e+02,1.496095e+02,6.453845e+01,6.946961e+01,1.081601e+02,1.482637e+02,1.459777e+02,1.350953e+02,-1.547226e-02,3.833390e-01,-4.288564e-02,4.834397e-01,5.447022e-01,7.879030e-01,4.650949e-02,7.178063e-02,3.464318e-01,6.892308e-01,8.775834e-01,6.219716e-01,3.747230e+00,3.384354e+00,4.293978e+00,4.074567e+00,3.829795e+00,3.590732e+00,3.465203e+00,3.507828e+00,3.995766e+00,3.697496e+00,3.815431e+00,3.635722e+00
f0020,5.334147e+01,7.684213e+01,6.688585e+01,6.432591e+01,6.021709e+01,5.659455e+01,6.276756e+01,6.605725e+01,6.563189e+01,5.227750e+01,6.555788e+01,7.921690e+01,2.462921e+01,2.134874e+01,1.890503e+01,1.761297e+01,1.809814e+01,1.950441e+01,2.314301e+01,2.448953e+01,2.169535e+01,2.336225e+01,2.243308e+01,2.101637e+01,9.797586e+01,1.219574e+02,9.695014e+01,1.009241e+02,1.018818e+02,1.149876e+02,1.000543e+02,1.117703e+02,1.020043e+02,1.191536e+02,1.106884e+02,1.113207e+02,4.858620e-01,4.091020e-01,6.639398e-01,9.181699e-01,8.854314e-01,8.909394e-01,4.576043e-01,2.506525e-01,7.642851e-01,7.714794e-01,6.371770e-01,4.589082e-01,3.905588e+00,3.937075e+00,4.195887e+00,4.924187e+00,5.337353e+00,5.915887e+00,3.651906e+00,3.774342e+00,5.032291e+00,5.190166e+00,4.784861e+00,3.675512e+00
f0021,6.897420e+01,9.040128e+01,7.215541e+01,7.311305e+01,6.816691e+01,7.391480e+01,6.826924e+01,7.126753e+01,7.294851e+01,6.451380e+01,7.284340e+01,7.450421e+01,2.203042e+01,1.972136e+01,1.834776e+01,1.872279e+01,1.833551e+01,1.782304e+01,2.263891e+01,1.994489e+01,2.075347e+01,2.231952e+01,2.246755e+01,2.001351e+01,6.636515e+01,7.067429e+01,7.963481e+01,1.054245e+02,1.027339e+02,1.247539e+02,6.389809e+01,6.324694e+01,9.859454e+01,1.164865e+02,1.475823e+02,1.492949e+02,1.965733e-01,1.100600e-01,3.745210e-01,7.716003e-01,8.104228e-01,1.083705e+00,1.177800e-01,1.530380e-02,5.301844e-01,6.087232e-01,8.609400e-01,7.348573e-01,3.963280e+00,4.016623e+00,4.067640e+00,4.709870e+00,5.197062e+00,5.696720e+00,4.071347e+00,4.155499e+00,4.101148e+00,5.099733e+00,5.478957e+00,4.072628e+00
f0022,1.057221e+02,1.229228e+02,1.067203e+02,8.472142e+01,1.144830e+02,1.258484e+02,1.147519e+02,1.164638e+02,9.406527e+01,8.652728e+01,1.207224e+02,1.100300e+02,2.408087e+01,2.209759e+01,2.151375e+01,1.990960e+01,2.245726e+01,2.441861e+01,2.445016e+01,2.489341e+01,2.278439e+01,2.418280e+01,2.498567e+01,2.640567e+01,6.742704e+01,8.076506e+01,8.859984e+01,9.649427e+01,1.273146e+02,1.521283e+02,6.678556e+01,7.624197e+01,9.016081e+01,1.247868e+02,1.467922e+02,1.548054e+02,1.211627e-01,5.945613e-02,6.231528e-02,4.015533e-01,3.136526e-01,3.755640e-01,3.292765e-02,-6.941511e-02,4.092778e-01,2.413135e-01,3.325877e-01,4.492493e-01,3.240999e+00,3.462810e+00,3.563137e+00,3.837191e+00,3.747292e+00,3.392657e+00,3.398801e+00,3.753207e+00,3.815172e+00,3.389563e+00,3.332647e+00,3.578823e+00
f0023,5.826120e+01,7.323896e+01,6.514346e+01,6.482011e+01,1.415740e+02,1.762160e+02,5.223349e+01,6.217775e+01,6.433437e+01,7.300408e+01,1.890350e+02,1.714667e+02,2.158587e+01,1.749310e+01,1.929393e+01,1.802832e+01,2.175849e+01,2.296953e+01,2.019854e+01,2.014945e+01,2.285918e+01,2.151883e+01,2.417636e+01,2.431782e+01,5.920135e+01,6.582916e+01,9.284528e+01,9.412135e+01,1.213412e+02,1.387615e+02,5.748231e+01,5.720726e+01,1.021078e+02,1.026171e+02,1.368384e+02,1.381594e+02,4.372405e-01,4.426990e-01,5.494857e-01,7.607077e-01,4.864327e-01,4.192621e-01,4.404063e-01,4.202781e-01,3.835559e-01,4.564421e-01,3.427046e-01,4.588200e-01,4.464080e+00,4.367646e+00,4.306796e+00,4.789342e+00,4.576854e+00,4.431585e+00,4.330595e+00,4.673189e+00,4.654858e+00,4.489283e+00,4.249091e+00,4.427323e+00
f0024,4.421805e+01,5.002029e+01,5.248646e+01,7.526050e+01,9.134951e+01,9.061951e+01,5.108100e+01,4.867905e+01,5.788573e+01,7.563365e+01,1.180706e+02,1.163021e+02,2.324249e+01,2.174097e+01,2.205724e+01,2.399469e+01,2.245562e+01,2.029637e+01,2.238304e+01,2.190288e+01,2.463254e+01,2.241700e+01,2.265321e+01,2.410160e+01,9.814462e+01,1.120244e+02,1.052496e+02,1.286074e+02,1.605027e+02,1.572479e+02,9.776582e+01,1.011028e+02,1.092522e+02,1.404490e+02,1.806239e+02,1.629312e+02,5.555880e-01,4.811987e-01,6.047082e-01,5.179627e-01,7.302494e-01,7.773429e-01,5.643707e-01,5.337905e-01,5.519381e-01,8.500590e-01,7.007657e-01,4.776013e-01,3.765726e+00,3.458676e+00,4.467265e+00,4.467530e+00,3.884906e+00,3.767698e+00,3.696030e+00,3.606469e+00,4.354473e+00,4.210332e+00,3.555681e+00,3.241030e+00
f0025,3.794214e+01,8.570426e+01,5.543280e+01,4.629805e+01,5.203598e+01,5.599397e+01,3.822050e+01,4.160353e+01,4.926467e+01,1.020157e+02,8.021485e+01,4.299712e+01,2.262024e+01,1.903058e+01,1.918931e+01,1.818649e+01,1.976126e+01,1.996983e+01,2.282115e+01,2.402497e+01,2.367484e+01,2.386073e+01,2.621923e+01,2.314767e+01,9.115716e+01,1.039251e+02,1.037107e+02,1.076264e+02,1.319603e+02,1.504127e+02,9.112237e+01,9.292444e+01,1.362247e+02,1.854366e+02,1.176945e+02,1.124149e+02,7.881684e-01,5.531251e-01,7.270125e-01,8.141372e-01,8.683626e-01,8.686658e-01,7.366462e-01,6.342655e-01,7.037121e-01,8.390832e-01,3.403942e-01,7.224909e-01,4.312611e+00,3.812380e+00,4.287583e+00,4.408842e+00,4.492202e+00,4.364572e+00,4.256788e+00,4.344785e+00,4.001355e+00,3.813735e+00,4.051492e+00,4.506081e+00
f0026,1.053658e+02,1.193651e+02,1.226389e+02,1.240079e+02,1.063095e+02,1.155754e+02,1.100461e+02,1.041205e+02,1.332918e+02,1.085707e+02,1.104288e+02,9.084940e+01,2.658687e+01,1.761973e+01,1.829578e+01,2.072523e+01,1.652739e+01,1.694616e+01,2.446555e+01,2.850536e+01,2.900724e+01,3.084914e+01,2.864885e+01,2.680495e+01,1.289666e+02,1.216852e+02,1.344531e+02,1.551631e+02,1.354540e+02,1.353906e+02,1.286327e+02,1.310968e+02,1.183624e+02,1.283701e+02,1.706313e+02,1.626581e+02,4.001607e-01,3.921254e-01,5.787224e-01,3.496527e-01,8.001120e-01,8.742372e-01,4.427828e-01,2.774767e-01,1.079095e-01,2.046251e-01,4.857332e-01,5.675781e-01,3.475769e+00,3.567463e+00,4.128304e+00,3.642447e+00,4.235010e+00,4.553936e+00,3.348552e+00,3.629054e+00,3.538570e+00,3.526613e+00,3.534047e+00,3.491876e+00
f0027,6.161245e+01,1.353327e+02,6.677108e+01,5.767483e+01,7.009567e+01,1.112005e+02,7.279400e+01,6.048247e+01,7.315262e+01,1.347085e+02,1.471857e+02,1.131760e+02,2.499927e+01,2.397251e+01,2.278575e+01,2.039218e+01,2.133915e+01,2.132736e+01,2.564186e+01,2.560225e+01,2.425322e+01,2.429870e+01,2.597217e+01,2.604550e+01,5.401656e+01,6.579422e+01,7.386269e+01,9.200612e+01,9.889155e+01,1.043443e+02,5.069748e+01,5.249858e+01,9.232824e+01,1.019865e+02,9.380661e+01,1.016974e+02,-1.447414e-01,-1.968233e-01,-3.516456e-02,2.845341e-01,2.735966e-01,3.210759e-01,-3.484614e-01,-3.628402e-01,3.547789e-01,2.084568e-01,2.054535e-01,1.681666e-01,3.625972e+00,3.573590e+00,4.022529e+00,4.231544e+00,4.500198e+00,4.147852e+00,3.873802e+00,4.031873e+00,4.119133e+00,3.821614e+00,3.453796e+00,3.978414e+00
f0028,7.339471e+01,7.099820e+01,7.308514e+01,6.977567e+01,5.332915e+01,7.974817e+01,7.288325e+01,6.961535e+01,6.057367e+01,6.208376e+01,1.163839e+02,8.618372e+01,2.269032e+01,2.078070e+01,1.723768e+01,2.082578e+01,2.046105e+01,2.195428e+01,1.978690e+01,2.249342e+01,2.189046e+01,2.380526e+01,2.418544e+01,2.177083e+01,6.387138e+01,1.406220e+02,7.727243e+01,1.056977e+02,1.116374e+02,1.295627e+02,7.459551e+01,1.086533e+02,9.174417e+01,1.225261e+02,1.435380e+02,1.062356e+02,4.082996e-01,6.035690e-01,3.346595e-01,3.522886e-01,5.961907e-01,5.661617e-01,5.037078e-01,4.218156e-01,3.582356e-01,5.652414e-01,5.870303e-01,2.764156e-01,3.611632e+00,3.409130e+00,3.466783e+00,4.024807e+00,4.475481e+00,4.597115e+00,3.504187e+00,3.596448e+00,3.946164e+00,4.496740e+00,4.356050e+00,3.323481e+00
f0029,9.462555e+01,1.138823e+02,9.785218e+01,1.048082e+02,1.076819e+02,9.988757e+01,9.512513e+01,1.123883e+02,1.021604e+02,9.542793e+01,1.119180e+02,1.050464e+02,2.616465e+01,2.044851e+01,2.009628e+01,1.941261e+01,2.102373e+01,1.875196e+01,2.385804e+01,2.210182e+01,2.220615e+01,2.065090e+01,1.988842e+01,2.170863e+01,9.343208e+01,1.090793e+02,1.074441e+02,1.139580e+02,1.201491e+02,1.103108e+02,9.213787e+01,1.067014e+02,1.076445e+02,1.179030e+02,1.126912e+02,1.226708e+02,1.971904e-01,1.532435e-01,2.604471e-01,2.229630e-01,3.073521e-01,5.340873e-01,2.189548e-01,1.616430e-01,1.082570e-01,3.049974e-01,4.134985e-01,3.653535e-01,3.307771e+00,3.116199e+00,3.542678e+00,3.175801e+00,4.040532e+00,3.772325e+00,3.338026e+00,3.143392e+00,3.544062e+00,3.453023e+00,3.668108e+00,3.947751e+00
f0030,7.296709e+01,7.147436e+01,7.862485e+01,7.282509e+01,7.815425e+01,7.999847e+01,7.259565e+01,7.624835e+01,7.393937e+01,1.123765e+02,9.497112e+01,8.978037e+01,2.406982e+01,1.724320e+01,1.437090e+01,1.792371e+01,1.738464e+01,1.897163e+01,2.137389e+01,2.114362e+01,2.302849e+01,2.385835e+01,2.374159e+01,2.262754e+01,6.170353e+01,8.952340e+01,5.491665e+01,8.243471e+01,8.507807e+01,1.269995e+02,5.534941e+01,5.169237e+01,1.052615e+02,1.247048e+02,1.113565e+02,1.249932e+02,-1.880070e-02,6.886065e-01,3.173908e-01,1.167149e-01,2.475305e-01,4.771037e-01,1.474644e-01,2.755929e-01,3.824734e-01,5.657493e-01,3.282294e-01,5.126179e-01,3.895712e+00,4.392863e+00,4.137066e+00,4.042549e+00,3.492168e+00,3.527567e+00,3.849301e+00,4.427418e+00,3.824965e+00,3.844721e+00,3.634127e+00,3.758631e+00
f0031,5.034370e+01,6.133224e+01,5.553934e+01,6.345138e+01,5.576166e+01,6.728357e+01,5.122376e+01,5.285954e+01,4.946260e+01,1.132776e+02,5.392114e+01,8.153662e+01,2.637064e+01,2.147803e+01,2.250226e+01,2.238929e+01,2.074122e+01,2.317313e+01,2.600519e+01,2.568932e+01,2.600975e+01,2.620146e+01,2.841964e+01,2.621304e+01,1.337812e+02,1.474412e+02,1.141358e+02,1.154527e+02,1.144213e+02,1.316901e+02,1.379599e+02,1.362525e+02,1.246725e+02,1.353690e+02,1.674877e+02,1.261734e+02,5.005477e-01,7.955103e-01,5.801568e-01,3.390413e-01,6.579681e-01,3.505837e-01,4.586137e-01,4.550531e-01,5.520697e-01,3.146972e-01,4.035108e-01,3.292223e-01,3.539698e+00,4.107714e+00,4.286709e+00,4.753890e+00,5.282330e+00,4.254580e+00,3.458747e+00,3.680923e+00,4.887601e+00,3.431097e+00,3.402502e+00,3.869155e+00
f0032,1.312431e+02,1.354323e+02,1.049969e+02,1.214756e+02,1.177945e+02,1.450188e+02,1.282649e+02,1.246973e+02,1.691618e+02,1.532504e+02,1.098827e+02,1.182385e+02,2.377504e+01,1.606506e+01,1.518318e+01,1.610005e+01,1.484847e+01,1.561895e+01,2.425583e+01,2.435477e+01,2.578375e+01,2.742036e+01,2.735279e+01,2.350956e+01,7.657550e+01,9.219945e+01,8.014317e+01,8.389312e+01,9.888187e+01,8.094465e+01,7.543433e+01,7.724399e+01,9.106163e+01,1.010866e+02,9.019903e+01,1.166526e+02,1.474433e-01,3.135905e-01,3.220116e-01,3.220556e-01,4.793560e-01,6.084872e-01,1.082049e-01,2.962732e-02,1.517245e-01,6.763318e-02,2.364774e-01,3.895580e-01,3.179097e+00,3.295157e+00,3.550079e+00,3.401452e+00,3.507734e+00,4.920764e+00,3.232390e+00,3.222575e+00,3.387559e+00,4.002596e+00,3.877596e+00,3.296892e+00
f0033,5.809986e+01,9.178241e+01,6.853505e+01,7.652116e+01,6.985780e+01,5.937500e+01,5.723892e+01,6.262847e+01,6.781837e+01,6.538762e+01,1.659593e+02,1.363137e+02,2.340394e+01,1.741162e+01,1.914941e+01,1.943858e+01,1.840721e+01,1.859857e+01,2.262860e+01,2.119791e+01,2.220903e+01,2.055077e+01,2.252254e+01,2.380729e+01,7.714054e+01,6.286635e+01,9.586644e+01,1.042383e+02,1.053743e+02,1.008457e+02,7.214414e+01,6.799270e+01,1.043221e+02,9.900360e+01,1.643159e+02,1.390304e+02,4.131592e-01,3.282454e-02,3.992024e-01,8.044406e-01,1.027874e+00,9.871101e-01,3.065029e-01,1.099926e-01,6.799538e-01,9.509297e-01,6.382334e-01,3.919420e-01,3.930609e+00,3.633376e+00,3.665324e+00,4.823193e+00,5.781172e+00,6.019601e+00,3.631705e+00,3.441443e+00,4.625456e+00,6.018806e+00,4.048347e+00,3.619998e+00
f0034,9.616263e+01,1.207937e+02,9.759921e+01,8.267361e+01,1.021032e+02,8.179067e+01,8.163591e+01,7.599597e+01,1.187472e+02,1.492231e+02,1.293470e+02,1.478385e+02,2.368822e+01,1.627561e+01,1.704665e+01,1.848427e+01,2.016141e+01,1.831834e+01,2.409588e+01,2.585486e+01,2.729268e+01,3.242069e+01,2.795574e+01,2.666465e+01,7.743689e+01,7.676375e+01,8.082069e+01,1.169440e+02,1.171608e+02,1.023696e+02,7.889636e+01,7.958356e+01,6.501529e+01,1.610351e+02,1.169222e+02,5.514615e+01,1.241073e-01,2.177077e-01,2.132096e-01,3.195251e-01,1.037763e-01,7.110789e-02,1.730214e-01,1.321110e-01,-8.166171e-04,8.355081e-02,2.106031e-01,-2.269824e-01,3.293110e+00,3.835744e+00,3.913812e+00,3.428105e+00,3.733299e+00,3.171719e+00,3.512933e+00,3.297312e+00,3.757962e+00,3.014290e+00,3.540316e+00,3.768909e+00
f0035,8.879743e+01,1.126984e+02,9.180419e+01,8.392663e+01,8.002788e+01,1.124227e+02,8.555434e+01,8.579505e+01,1.040734e+02,1.217388e+02,8.906063e+01,8.225515e+01,2.415724e+01,1.869553e+01,1.884580e+01,2.293339e+01,2.028214e+01,2.166939e+01,2.469357e+01,2.626138e+01,2.694932e+01,2.584312e+01,2.644020e+01,2.709294e+01,6.100540e+01,5.973643e+01,7.078292e+01,1.152310e+02,1.122605e+02,1.325841e+02,5.813627e+01,6.446172e+01,1.215279e+02,1.298231e+02,1.024812e+02,1.317956e+02,-5.833429e-02,-1.326860e-01,-1.142950e-01,4.313343e-04,4.597470e-01,3.565219e-01,-1.540123e-01,-2.838357e-01,1.820078e-01,1.861042e-01,1.473491e-01,2.351087e-01,3.585605e+00,4.050673e+00,3.822331e+00,3.623541e+00,4.043208e+00,3.435781e+00,3.809944e+00,3.938903e+00,3.554698e+00,3.304837e+00,4.015260e+00,3.658346e+00
f0036,5.178107e+01,7.026515e+01,8.272630e+01,5.456164e+01,4.981222e+01,8.745953e+01,5.668664e+01,6.266367e+01,5.003825e+01,7.988969e+01,1.641693e+02,1.141426e+02,2.410750e+01,2.063907e+01,1.969174e+01,2.117765e+01,2.298184e+01,1.974785e+01,2.549581e+01,2.597068e+01,2.139218e+01,2.442984e+01,2.290354e+01,2.413231e+01,1.103751e+02,1.442425e+02,1.237699e+02,1.185037e+02,1.289233e+02,1.099603e+02,1.218506e+02,1.340912e+02,1.096431e+02,1.284614e+02,1.265072e+02,1.614050e+02,5.350118e-01,7.522614e-01,5.047386e-01,4.749434e-01,4.057467e-01,4.888980e-01,3.922158e-01,3.330197e-01,7.165823e-01,3.165420e-01,3.735081e-01,5.346387e-01,3.421721e+00,4.208238e+00,3.337763e+00,4.041717e+00,4.451575e+00,4.211078e+00,3.229977e+00,3.697675e+00,4.081478e+00,3.855731e+00,3.660163e+00,3.273459e+00
f0037,5.988451e+01,8.628686e+01,7.111145e+01,5.264469e+01,7.474577e+01,7.965295e+01,6.835162e+01,8.037346e+01,5.866862e+01,8.007665e+01,8.095791e+01,5.390496e+01,2.286016e+01,1.938636e+01,2.031327e+01,1.906106e+01,2.113135e+01,2.028234e+01,2.258305e+01,2.272185e+01,2.407208e+01,2.506607e+01,2.144795e+01,2.394033e+01,1.106761e+02,1.151874e+02,1.160759e+02,1.212990e+02,1.458167e+02,1.518007e+02,1.101875e+02,1.126341e+02,1.476917e+02,1.689835e+02,8.376181e+01,1.040070e+02,7.319655e-01,7.205954e-01,6.479360e-01,7.495515e-01,5.613361e-01,6.383656e-01,7.169724e-01,7.186410e-01,6.549382e-01,6.006765e-01,5.460260e-01,5.599060e-01,3.792695e+00,3.867994e+00,4.265154e+00,4.195114e+00,3.665389e+00,3.782280e+00,3.767755e+00,3.685064e+00,3.864845e+00,3.659518e+00,4.182944e+00,4.442042e+00
f0038,8.294725e+01,8.343593e+01,8.609868e+01,6.887616e+01,8.945592e+01,1.753878e+02,8.853159e+01,8.792893e+01,6.839506e+01,1.039596e+02,1.760645e+02,1.597832e+02,2.399708e+01,2.131301e+01,2.143389e+01,2.151210e+01,2.329887e+01,2.206803e+01,2.277189e+01,2.429487e+01,2.282141e+01,2.204516e+01,2.265452e+01,2.138459e+01,8.222188e+01,7.898059e+01,9.630531e+01,1.105671e+02,1.383603e+02,1.574667e+02,7.673248e+01,8.750889e+01,1.085960e+02,1.265761e+02,1.668073e+02,1.578154e+02,3.884376e-01,3.439972e-01,3.629706e-01,5.043133e-01,5.505327e-01,7.296667e-01,3.736420e-01,2.984734e-02,3.770215e-01,5.686626e-01,6.773222e-01,7.827035e-01,4.197241e+00,5.007250e+00,4.264780e+00,4.597168e+00,3.949067e+00,3.743884e+00,4.201764e+00,4.669658e+00,4.142645e+00,4.027210e+00,3.514424e+00,3.664483e+00
f0039,4.897520e+01,5.442865e+01,4.801481e+01,4.627704e+01,5.103387e+01,9.735922e+01,5.569757e+01,5.430521e+01,4.888162e+01,1.541827e+02,1.570074e+02,8.144301e+01,2.649922e+01,2.053053e+01,1.954571e+01,2.019724e+01,2.142651e+01,2.225948e+01,2.189340e+01,2.498586e+01,2.503339e+01,2.578611e+01,2.286540e+01,2.304402e+01,9.532593e+01,1.178791e+02,9.713606e+01,1.130248e+02,1.292847e+02,1.579240e+02,9.569975e+01,1.049966e+02,1.180528e+02,1.799709e+02,1.514659e+02,1.147685e+02,4.090497e-01,7.283189e-01,4.437703e-01,5.480524e-01,6.294143e-01,4.628811e-01,5.721389e-01,3.919864e-01,4.546751e-01,4.199108e-01,6.465280e-01,5.514948e-01,3.406835e+00,4.395882e+00,3.796477e+00,3.955104e+00,4.137133e+00,3.355204e+00,3.647858e+00,4.212503e+00,4.075046e+00,3.104372e+00,4.232338e+00,4.120385e+00
f0040,1.329946e+02,1.302634e+02,1.564429e+02,1.376213e+02,1.463845e+02,1.449460e+02,1.333509e+02,1.375701e+02,1.270607e+02,1.145570e+02,1.081474e+02,1.266934e+02,2.757040e+01,1.653764e+01,1.684666e+01,1.738879e+01,1.668516e+01,1.868200e+01,2.593435e+01,2.271034e+01,2.146547e+01,2.218741e+01,2.263763e+01,2.278630e+01,9.953786e+01,8.866206e+01,9.558734e+01,9.603375e+01,9.555443e+01,1.204563e+02,9.449459e+01,9.574679e+01,1.062178e+02,1.260545e+02,1.234393e+02,1.292369e+02,9.644255e-02,3.774929e-01,3.431894e-01,3.701309e-01,4.324618e-01,3.527364e-01,1.447416e-01,1.595675e-01,2.697012e-01,2.920216e-01,3.259939e-01,3.355398e-01,3.537602e+00,3.853175e+00,3.578853e+00,3.661215e+00,3.718885e+00,3.922529e+00,3.339995e+00,3.317517e+00,3.389483e+00,3.363446e+00,3.510365e+00,3.537633e+00
f0041,9.874216e+01,1.172807e+02,1.033167e+02,9.543159e+01,1.066356e+02,1.300350e+02,1.032100e+02,1.140831e+02,9.932072e+01,1.103432e+02,1.175319e+02,1.375031e+02,2.422607e+01,2.189682e+01,2.014351e+01,1.889815e+01,2.215890e+01,2.104676e+01,2.444085e+01,2.362600e+01,2.014535e+01,1.946767e+01,2.260988e+01,2.227155e+01,8.324248e+01,1.047079e+02,9.296187e+01,9.624388e+01,1.143022e+02,1.192295e+02,8.108148e+01,1.166692e+02,9.838648e+01,9.036697e+01,1.104893e+02,1.192459e+02,1.850444e-01,2.315114e-01,4.053155e-01,3.551620e-01,3.452969e-01,3.709978e-01,1.727950e-01,1.424334e-01,2.596487e-01,4.407382e-01,2.123466e-01,3.154025e-01,3.726663e+00,3.988205e+00,3.880258e+00,3.907317e+00,3.677361e+00,3.881228e+00,3.871898e+00,3.756196e+00,3.745117e+00,4.063309e+00,3.942457e+00,3.966222e+00
f0042,9.319196e+01,1.096767e+02,1.035809e+02,1.244269e+02,1.405533e+02,1.177755e+02,9.908478e+01,1.014632e+02,1.208997e+02,1.049009e+02,1.356699e+02,1.370796e+02,2.507165e+01,2.302536e+01,2.094568e+01,2.064688e+01,2.382627e+01,2.155339e+01,2.405917e+01,2.432293e+01,2.504148e+01,2.324807e+01,2.634606e+01,2.084905e+01,1.248473e+02,1.474368e+02,1.306824e+02,1.370549e+02,1.606981e+02,1.465999e+02,1.248720e+02,1.347652e+02,1.450081e+02,1.400615e+02,1.120014e+02,6.096205e+01,5.748832e-01,4.607835e-01,5.419822e-01,6.947930e-01,5.051847e-01,4.776916e-01,5.494920e-01,4.857563e-01,5.131617e-01,5.689059e-01,1.080825e-01,1.719479e-01,3.544342e+00,3.764527e+00,3.690166e+00,3.926830e+00,3.722742e+00,3.578435e+00,3.634159e+00,3.480940e+00,3.645386e+00,3.538623e+00,4.583276e+00,3.969859e+00
f0043,7.949778e+01,8.557168e+01,7.864428e+01,8.388052e+01,7.714224e+01,9.299510e+01,7.479580e+01,9.030867e+01,7.702005e+01,8.473954e+01,9.076852e+01,7.927854e+01,2.432551e+01,1.960551e+01,2.119139e+01,2.149040e+01,1.917675e+01,1.904266e+01,2.447751e+01,1.902729e+01,2.199958e+01,1.974720e+01,1.864758e+01,1.901863e+01,1.237134e+02,1.201584e+02,1.279815e+02,1.289460e+02,1.192251e+02,1.177804e+02,1.204224e+02,1.181499e+02,1.284838e+02,1.207970e+02,1.134308e+02,1.128203e+02,4.290320e-01,5.330130e-01,3.729910e-01,4.276741e-01,5.961922e-01,5.231551e-01,4.252566e-01,5.721148e-01,3.560744e-01,5.018206e-01,6.088009e-01,4.633073e-01,3.597451e+00,4.221687e+00,3.776608e+00,3.874332e+00,4.220002e+00,3.985095e+00,3.578760e+00,3.993435e+00,3.876776e+00,3.861646e+00,4.122027e+00,3.737459e+00
f0044,4.366187e+01,7.445564e+01,4.861874e+01,4.455891e+01,8.388278e+01,9.988299e+01,4.245657e+01,5.016608e+01,5.304242e+01,1.049688e+02,1.559380e+02,8.241632e+01,2.382161e+01,1.885495e+01,1.958713e+01,1.857383e+01,2.119770e+01,2.073462e+01,2.332948e+01,2.242137e+01,2.222276e+01,2.275105e+01,2.359106e+01,2.387754e+01,1.040618e+02,1.252067e+02,1.088120e+02,1.072059e+02,1.472358e+02,1.714326e+02,1.057072e+02,1.191312e+02,1.168238e+02,1.792672e+02,2.099692e+02,1.338285e+02,6.733069e-01,6.785225e-01,7.412052e-01,6.884132e-01,6.212158e-01,6.282975e-01,6.900536e-01,6.219752e-01,6.143160e-01,7.441199e-01,6.215492e-01,5.873466e-01,4.326293e+00,3.752672e+00,5.152327e+00,4.580578e+00,3.829548e+00,3.194148e+00,4.305546e+00,4.004574e+00,3.986469e+00,3.302908e+00,2.833584e+00,3.726092e+00
f0045,8.459380e+01,6.617101e+01,9.548094e+01,6.895302e+01,6.460008e+01,6.992231e+01,7.850715e+01,8.389417e+01,6.478871e+01,9.124417e+01,1.155538e+02,6.358338e+01,2.344002e+01,2.236532e+01,1.911946e+01,2.041931e+01,1.971569e+01,2.159881e+01,2.353515e+01,2.326039e+01,2.501699e+01,2.845312e+01,2.521857e+01,2.638087e+01,7.091350e+01,8.119918e+01,7.527319e+01,1.132002e+02,1.142098e+02,1.360798e+02,6.560423e+01,7.272930e+01,1.169097e+02,1.534675e+02,1.290498e+02,1.330011e+02,1.184018e-01,-5.549817e-02,2.669222e-01,8.225977e-01,8.199808e-01,5.826922e-01,9.648560e-02,-2.931263e-02,7.125639e-01,2.428795e-01,5.217049e-01,4.431260e-01,3.585298e+00,4.272809e+00,3.897296e+00,4.433732e+00,4.615090e+00,4.336829e+00,3.813358e+00,3.849378e+00,4.531253e+00,3.575939e+00,3.659440e+00,3.926800e+00
f0046,8.543451e+01,1.007208e+02,8.501851e+01,8.396893e+01,8.060373e+01,6.674361e+01,8.649106e+01,9.962623e+01,7.644974e+01,7.293310e+01,7.852486e+01,1.058421e+02,2.353138e+01,2.268074e+01,2.325953e+01,2.106196e+01,2.176345e+01,1.961447e+01,2.333813e+01,2.190372e+01,2.252021e+01,2.061293e+01,2.081761e+01,2.388611e+01,8.321145e+01,8.532022e+01,1.040025e+02,1.058942e+02,1.050116e+02,1.084126e+02,8.281828e+01,8.350835e+01,9.746779e+01,1.036934e+02,1.107261e+02,7.839109e+01,3.732034e-01,2.178733e-01,3.183688e-01,6.476190e-01,7.285705e-01,9.192325e-01,3.190064e-01,2.281345e-01,5.769203e-01,7.855743e-01,9.870808e-01,3.544059e-01,3.557410e+00,3.715594e+00,4.223364e+00,5.248069e+00,5.515335e+00,6.282340e+00,3.534913e+00,3.662680e+00,4.442861e+00,4.979570e+00,6.204368e+00,5.065621e+00
f0047,1.701834e+02,1.902074e+02,1.809908e+02,1.716398e+02,1.385177e+02,1.261617e+02,1.799082e+02,1.911802e+02,1.768433e+02,1.522897e+02,1.366327e+02,1.013638e+02,2.866344e+01,1.972581e+01,1.934234e+01,1.864876e+01,1.810863e+01,1.810944e+01,2.946848e+01,2.300969e+01,1.796310e+01,1.881352e+01,1.930555e+01,1.821429e+01,4.451797e+01,6.277187e+01,5.463793e+01,5.845568e+01,9.574761e+01,1.042401e+02,4.134064e+01,7.183585e+01,4.181331e+01,7.949380e+01,9.782069e+01,1.085630e+02,-5.025916e-01,-3.850743e-01,-4.493683e-01,-1.810556e-01,1.773369e-01,2.864934e-01,-4.777278e-01,-3.961187e-01,-3.126711e-01,-9.895862e-03,2.585494e-01,4.960321e-01,3.631697e+00,4.144810e+00,3.730055e+00,3.559356e+00,3.218074e+00,3.222665e+00,3.853467e+00,4.091938e+00,3.569945e+00,3.460317e+00,3.369471e+00,3.637401e+00
f0048,4.494184e+01,1.020484e+02,4.905020e+01,5.769423e+01,9.091927e+01,1.013076e+02,5.101353e+01,7.784624e+01,4.896175e+01,6.775658e+01,1.231116e+02,1.129298e+02,2.378024e+01,2.107042e+01,1.947984e+01,2.156154e+01,2.258868e+01,2.274394e+01,2.205678e+01,2.241667e+01,2.059952e+01,2.554536e+01,2.228958e+01,2.353347e+01,8.151626e+01,1.024931e+02,9.760390e+01,1.090163e+02,1.381078e+02,1.557413e+02,7.877901e+01,8.686017e+01,9.809005e+01,1.506394e+02,1.726778e+02,1.512993e+02,3.543158e-01,1.222874e-01,6.838060e-01,5.038897e-01,4.194084e-01,5.140447e-01,3.702812e-01,5.483061e-02,6.636624e-01,4.458722e-01,6.163807e-01,4.053226e-01,3.857515e+00,3.297395e+00,4.399575e+00,4.576831e+00,4.115181e+00,3.841205e+00,3.689055e+00,3.483994e+00,4.599808e+00,3.845765e+00,3.232390e+00,3.561171e+00
f0049,5.147253e+01,5.537322e+01,5.848310e+01,6.666428e+01,7.597592e+01,8.856744e+01,4.590315e+01,4.667499e+01,6.818495e+01,6.351468e+01,9.644557e+01,9.102680e+01,2.484265e+01,1.835762e+01,1.876166e+01,2.222625e+01,1.917081e+01,2.247735e+01,2.259711e+01,1.963197e+01,2.341068e+01,2.241231e+01,2.360907e+01,2.231425e+01,1.734803e+02,1.512536e+02,1.585134e+02,1.566192e+02,1.272395e+02,1.565923e+02,1.735482e+02,1.593129e+02,1.712486e+02,1.396345e+02,1.667424e+02,1.490349e+02,9.906979e-01,1.560173e+00,1.266581e+00,8.344168e-01,1.181896e+00,8.826124e-01,1.205654e+00,1.423835e+00,9.655664e-01,1.056463e+00,8.731551e-01,1.055994e+00,4.129627e+00,6.480358e+00,5.052477e+00,4.151950e+00,5.367432e+00,4.418486e+00,4.590942e+00,5.925848e+00,4.336447e+00,4.970610e+00,4.560376e+00,5.619705e+00
f0050,7.691747e+01,7.296348e+01,5.898027e+01,6.872593e+01,1.385088e+02,8.712008e+01,7.733797e+01,7.502785e+01,5.146491e+01,8.159493e+01,1.201143e+02,7.105237e+01,2.990702e+01,2.366560e+01,2.271513e+01,2.562754e+01,2.511395e+01,2.547176e+01,2.543220e+01,2.161676e+01,2.229322e+01,2.642143e+01,2.483836e+01,2.487434e+01,7.874957e+01,7.572071e+01,9.945525e+01,1.520745e+02,1.506509e+02,1.465722e+02,7.553921e+01,7.543150e+01,1.012160e+02,1.511458e+02,1.565484e+02,1.495702e+02,1.646357e-01,5.799723e-02,5.234875e-01,2.316327e-01,4.212283e-01,5.633102e-01,2.376835e-01,4.728857e-02,5.121062e-01,2.140353e-01,4.057734e-01,5.197324e-01,3.513691e+00,3.687150e+00,3.918835e+00,3.166016e+00,3.474659e+00,4.185825e+00,3.418560e+00,3.598909e+00,3.866477e+00,3.259702e+00,3.296363e+00,3.902180e+00
f0051,1.451961e+02,1.678775e+02,1.571403e+02,1.326923e+02,1.483618e+02,1.314637e+02,1.485533e+02,1.579503e+02,1.309706e+02,1.329810e+02,1.442319e+02,1.393695e+02,2.929280e+01,2.570253e+01,2.351485e+01,1.987137e+01,1.927334e+01,2.232622e+01,3.123761e+01,3.065428e+01,2.463405e+01,2.628366e+01,2.658051e+01,2.399176e+01,6.329474e+01,5.304580e+01,7.009000e+01,9.738602e+01,1.022264e+02,1.150570e+02,6.243777e+01,6.087871e+01,1.001641e+02,1.243714e+02,1.472527e+02,1.150358e+02,-4.243979e-02,-2.561508e-01,-4.603943e-02,3.521508e-01,2.254966e-01,1.539555e-01,-1.950209e-01,-4.197537e-01,2.254686e-01,1.723649e-01,2.259037e-01,2.892928e-01,3.309801e+00,3.709837e+00,3.332013e+00,3.522884e+00,3.391098e+00,3.296615e+00,3.358667e+00,4.101509e+00,3.651717e+00,3.441850e+00,3.364552e+00,3.236957e+00
f0052,4.496616e+01,6.326907e+01,5.724124e+01,5.138441e+01,6.678382e+01,7.500454e+01,4.551901e+01,4.546530e+01,6.181877e+01,6.907410e+01,6.527652e+01,6.817178e+01,2.361239e+01,1.569381e+01,2.048344e+01,1.953127e+01,1.875667e+01,1.988423e+01,2.258032e+01,2.470467e+01,2.352654e+01,2.192051e+01,2.375070e+01,2.320237e+01,7.601041e+01,7.408983e+01,9.820142e+01,9.933481e+01,1.057897e+02,1.228074e+02,7.155897e+01,7.581800e+01,1.161145e+02,1.192459e+02,1.021990e+02,1.182337e+02,4.028409e-01,5.811603e-01,2.348081e-01,5.055073e-01,6.986840e-01,7.378873e-01,4.495607e-01,2.483124e-01,5.070254e-01,6.499006e-01,4.597666e-01,5.206541e-01,3.918098e+00,4.190757e+00,3.996766e+00,4.434082e+00,4.784496e+00,4.794411e+00,3.868974e+00,3.945360e+00,4.465819e+00,3.896121e+00,4.288213e+00,3.787640e+00
f0053,6.867882e+01,8.238486e+01,8.029376e+01,6.257315e+01,7.710513e+01,7.592542e+01,6.846097e+01,7.460931e+01,5.125958e+01,1.069127e+02,1.043517e+02,6.788252e+01,2.397869e+01,1.958558e+01,1.831556e+01,1.801179e+01,1.745921e+01,2.073277e+01,2.346346e+01,2.449556e+01,2.455908e+01,2.354214e+01,2.440239e+01,2.332217e+01,8.848078e+01,9.988361e+01,9.806438e+01,9.943507e+01,1.076484e+02,1.276986e+02,8.782694e+01,9.008550e+01,1.101092e+02,1.380559e+02,1.373759e+02,1.115929e+02,5.081175e-01,2.387663e-01,5.243330e-01,7.269515e-01,9.072896e-01,5.432385e-01,4.663480e-01,2.200912e-01,6.593202e-01,6.461429e-01,4.619557e-01,5.833398e-01,3.834470e+00,3.406675e+00,3.632099e+00,4.493099e+00,5.023897e+00,4.118711e+00,3.877905e+00,4.006977e+00,4.660159e+00,4.002617e+00,3.526544e+00,4.184701e+00
f0054,8.389033e+01,9.470943e+01,7.053721e+01,7.297906e+01,9.551504e+01,1.488111e+02,7.960766e+01,9.600029e+01,7.368199e+01,7.749138e+01,1.183968e+02,1.306127e+02,2.242356e+01,1.863000e+01,1.900032e+01,1.892683e+01,2.010471e+01,2.027536e+01,2.218421e+01,1.982074e+01,1.911439e+01,2.003748e+01,2.332074e+01,1.989425e+01,6.847647e+01,7.424572e+01,9.151049e+01,1.042134e+02,1.453878e+02,1.890774e+02,7.009249e+01,7.567353e+01,9.639714e+01,1.197272e+02,1.741007e+02,1.938345e+02,1.668291e-01,1.842801e-01,3.208962e-01,6.404192e-01,6.858629e-01,8.077079e-01,1.985338e-01,1.388973e-01,4.353055e-01,6.105123e-01,5.726180e-01,9.012505e-01,3.679221e+00,3.820607e+00,3.984120e+00,4.191829e+00,3.876980e+00,3.497687e+00,3.566107e+00,3.742941e+00,3.871029e+00,3.985405e+00,3.508816e+00,3.584515e+00
f0055,1.674117e+02,1.870624e+02,1.562244e+02,1.574450e+02,1.344713e+02,1.375904e+02,1.738666e+02,1.839341e+02,1.609356e+02,1.510322e+02,1.416244e+02,1.371113e+02,2.625089e+01,1.992738e+01,2.091671e+01,2.174819e+01,2.154455e+01,1.931722e+01,2.582389e+01,2.693653e+01,2.541899e+01,2.377751e+01,2.409996e+01,2.518732e+01,8.431637e+01,7.783016e+01,1.026404e+02,1.064732e+02,1.141566e+02,1.211518e+02,8.273968e+01,8.531210e+01,1.074743e+02,1.239340e+02,1.282894e+02,1.044469e+02,1.061263e-01,1.707548e-01,1.087684e-01,1.894365e-01,2.635082e-01,4.135607e-01,1.859766e-01,-6.272677e-02,1.503717e-01,2.654746e-01,3.901129e-01,2.405385e-01,3.250167e+00,3.418253e+00,3.033059e+00,3.387095e+00,3.632884e+00,3.140709e+00,3.352682e+00,3.529766e+00,3.278733e+00,3.471266e+00,3.526156e+00,3.683694e+00
f0056,6.424232e+01,7.877551e+01,8.411565e+01,6.853741e+01,7.204082e+01,6.739796e+01,6.707512e+01,6.477017e+01,8.242736e+01,6.267265e+01,4.875591e+01,8.397857e+01,2.626505e+01,1.848854e+01,1.650167e+01,1.663870e+01,1.889024e+01,1.916892e+01,2.596168e+01,2.684383e+01,2.980676e+01,2.526744e+01,2.497617e+01,2.616807e+01,1.316167e+02,1.403569e+02,1.224390e+02,1.260250e+02,1.455543e+02,1.455770e+02,1.330804e+02,1.360608e+02,1.720470e+02,1.351669e+02,1.220994e+02,1.580458e+02,2.366501e-01,5.168950e-01,6.231712e-01,4.319268e-01,3.071233e-01,2.893759e-01,1.997176e-01,1.278529e-01,4.144771e-02,3.470666e-01,4.436497e-01,2.226043e-01,3.133287e+00,4.217298e+00,4.117069e+00,3.501420e+00,3.411020e+00,3.473036e+00,3.071931e+00,3.225096e+00,2.874597e+00,3.106118e+00,4.341822e+00,3.072027e+00
f0057,1.102722e+02,1.485207e+02,1.131944e+02,1.107606e+02,1.049250e+02,9.669974e+01,1.167711e+02,1.388382e+02,1.126167e+02,1.203019e+02,1.229122e+02,1.273717e+02,2.500886e+01,1.945384e+01,1.828197e+01,1.832527e+01,1.996141e+01,1.899069e+01,2.400077e+01,2.707167e+01,2.580917e+01,2.435225e+01,2.284417e+01,2.443527e+01,8.544876e+01,1.013561e+02,9.705777e+01,1.057016e+02,1.248857e+02,1.137035e+02,8.587640e+01,9.499086e+01,1.182022e+02,1.151759e+02,1.276597e+02,1.063197e+02,2.414808e-01,2.115781e-01,4.030972e-01,5.116921e-01,3.747181e-01,4.538081e-01,2.728804e-01,7.454501e-02,2.075768e-01,2.407481e-01,3.723402e-01,2.340624e-01,3.485150e+00,3.430946e+00,4.017114e+00,3.719006e+00,4.025830e+00,4.071960e+00,3.512518e+00,3.649080e+00,3.795648e+00,3.718693e+00,3.366892e+00,3.439428e+00
f0058,1.946238e+02,1.994850e+02,2.282858e+02,1.012047e+02,1.812391e+02,2.687303e+02,2.156088e+02,2.426065e+02,2.500109e+02,1.651240e+02,1.406826e+02,2.172592e+02,2.934277e+01,3.095664e+01,2.625226e+01,2.567223e+01,3.064536e+01,2.858168e+01,2.961670e+01,3.086748e+01,2.870527e+01,2.840812e+01,2.860937e+01,2.906704e+01,8.326200e+01,8.350953e+01,1.049089e+02,1.423487e+02,1.174103e+02,1.008514e+02,8.374478e+01,7.864933e+01,1.075029e+02,1.414601e+02,1.190138e+02,1.008874e+02,-3.213385e-01,-3.853219e-01,-1.035165e-01,3.820167e-01,-1.179400e-01,-1.628158e-01,-1.969997e-01,-2.967654e-01,-1.926980e-01,3.038970e-01,-1.000650e-02,-2.240468e-01,3.255688e+00,3.759749e+00,2.663383e+00,3.445519e+00,3.280067e+00,2.981552e+00,3.154466e+00,3.366818e+00,2.986898e+00,3.471427e+00,3.054922e+00,3.088153e+00
f0059,8.403864e+01,8.879408e+01,8.574837e+01,6.781692e+01,8.106735e+01,1.286583e+02,8.055454e+01,8.820742e+01,7.062267e+01,9.703948e+01,1.224522e+02,9.909432e+01,2.381376e+01,2.047624e+01,2.117374e+01,1.945839e+01,2.026369e+01,2.184835e+01,2.301868e+01,2.271167e+01,2.245921e+01,2.540546e+01,2.313202e+01,2.384754e+01,9.793927e+01,1.042762e+02,1.144687e+02,1.032608e+02,1.104642e+02,1.513597e+02,1.002963e+02,1.046827e+02,1.017081e+02,1.361276e+02,1.629251e+02,1.339714e+02,5.426653e-01,5.190068e-01,5.066406e-01,5.239739e-01,4.253219e-01,5.525341e-01,5.246027e-01,4.653462e-01,4.719701e-01,4.324630e-01,5.952361e-01,4.306280e-01,3.643224e+00,3.821640e+00,3.833809e+00,4.273677e+00,4.068323e+00,4.127466e+00,3.570512e+00,3.720837e+00,4.222049e+00,4.040773e+00,3.702090e+00,3.747942e+00
f0060,9.624889e+01,1.083050e+02,1.078373e+02,8.742914e+01,7.444728e+01,8.884637e+01,9.035266e+01,9.662832e+01,9.411929e+01,1.237016e+02,8.240712e+01,1.411051e+02,2.522938e+01,2.153301e+01,1.909355e+01,1.972089e+01,2.130490e+01,1.765667e+01,2.718251e+01,2.411964e+01,2.489758e+01,2.307405e+01,2.636089e+01,2.482830e+01,1.057108e+02,1.226213e+02,1.166092e+02,1.194404e+02,1.267760e+02,1.243346e+02,1.045478e+02,1.086895e+02,1.325803e+02,1.055784e+02,1.017455e+02,1.232272e+02,5.051071e-01,2.329878e-01,5.838599e-01,5.094854e-01,3.086086e-01,6.072620e-01,4.221725e-01,4.260064e-01,3.223160e-01,1.698173e-01,1.225582e-01,4.478542e-01,3.894496e+00,3.874543e+00,3.813072e+00,4.053364e+00,3.959604e+00,3.687810e+00,3.924413e+00,3.877755e+00,3.571117e+00,3.025431e+00,3.960280e+00,3.980233e+00
f0061,5.323025e+01,5.239559e+01,6.921507e+01,6.217009e+01,7.563548e+01,1.473500e+02,5.108269e+01,5.329141e+01,6.856404e+01,5.524484e+01,7.476189e+01,1.423896e+02,2.624659e+01,2.839359e+01,3.078348e+01,2.932006e+01,2.540338e+01,3.139584e+01,2.661638e+01,2.784034e+01,2.735664e+01,2.721391e+01,2.722661e+01,3.097375e+01,1.527859e+02,1.630255e+02,1.722419e+02,1.698837e+02,1.145816e+02,2.127306e+02,1.594336e+02,1.575616e+02,1.649855e+02,1.551823e+02,1.403881e+02,1.868164e+02,7.834760e-01,6.816939e-01,3.629709e-01,2.994999e-01,2.906983e-01,1.765155e-02,7.023546e-01,7.218241e-01,5.312830e-01,3.215931e-01,2.898749e-01,-8.654442e-02,3.921879e+00,3.967459e+00,3.510482e+00,2.962720e+00,3.187058e+00,2.746394e+00,4.022141e+00,4.028080e+00,3.507532e+00,3.092068e+00,3.182382e+00,2.867394e+00
f0062,1.623326e+02,1.802499e+02,1.531951e+02,1.431806e+02,1.678829e+02,1.402064e+02,1.684266e+02,1.618270e+02,1.509641e+02,1.767712e+02,1.629235e+02,1.436124e+02,2.863520e+01,2.330808e+01,2.034874e+01,2.087956e+01,1.978042e+01,2.237799e+01,2.772659e+01,2.925047e+01,2.477553e+01,2.493460e+01,2.885508e+01,2.685044e+01,7.089595e+01,6.703323e+01,8.434949e+01,1.019320e+02,1.086578e+02,1.185889e+02,6.895548e+01,7.129298e+01,1.064537e+02,1.121909e+02,9.092185e+01,1.051439e+02,-1.343967e-01,-2.588153e-01,4.035614e-02,2.457386e-01,3.685794e-01,1.688787e-01,-1.580739e-01,-3.708996e-01,2.171236e-01,1.349638e-01,-1.554437e-01,7.520072e-02,3.438322e+00,3.712641e+00,3.461166e+00,3.318934e+00,3.231149e+00,3.291632e+00,3.488436e+00,3.923755e+00,3.335762e+00,3.617853e+00,3.984362e+00,3.454703e+00
f0063,6.313951e+01,8.778958e+01,7.878057e+01,7.310167e+01,7.557915e+01,8.138674e+01,7.003148e+01,7.280817e+01,7.684925e+01,7.467550e+01,8.960809e+01,1.041817e+02,2.474357e+01,1.577185e+01,1.603500e+01,1.610478e+01,1.452048e+01,1.399309e+01,2.430481e+01,2.545138e+01,2.701489e+01,2.386486e+01,2.251257e+01,2.666552e+01,1.200831e+02,1.145598e+02,1.239990e+02,1.338989e+02,1.349735e+02,1.215339e+02,1.160290e+02,1.191133e+02,1.792096e+02,1.853208e+02,1.156980e+02,1.540250e+02,3.937012e-01,5.625114e-01,5.126015e-01,4.950829e-01,1.172878e+00,8.329964e-01,3.664576e-01,3.341596e-01,3.818152e-01,6.726411e-01,4.745101e-01,3.481964e-01,3.252469e+00,4.256659e+00,3.590837e+00,3.521986e+00,5.902315e+00,4.795887e+00,3.288266e+00,3.531276e+00,3.095951e+00,3.145616e+00,3.325605e+00,3.152572e+00
f0064,6.079325e+01,7.904119e+01,7.595170e+01,5.870818e+01,5.656566e+01,8.635653e+01,6.924815e+01,6.887046e+01,5.341308e+01,9.622494e+01,1.096033e+02,7.061559e+01,2.471223e+01,2.292546e+01,2.021078e+01,1.953311e+01,2.206102e+01,2.089509e+01,2.174358e+01,2.215759e+01,2.485086e+01,2.416934e+01,2.445625e+01,2.346941e+01,8.377380e+01,9.722004e+01,9.526982e+01,9.703711e+01,1.192362e+02,1.179920e+02,8.014451e+01,7.665950e+01,1.033443e+02,1.295286e+02,1.272713e+02,1.071029e+02,2.055489e-01,2.041999e-01,2.113124e-01,4.596215e-01,4.045607e-01,3.936172e-01,2.550134e-01,2.313167e-01,3.038068e-01,2.603546e-01,4.639226e-01,4.182554e-01,3.362243e+00,4.023441e+00,3.583207e+00,4.168876e+00,4.041796e+00,3.855313e+00,3.293154e+00,3.423362e+00,4.368023e+00,3.711920e+00,3.462018e+00,4.232329e+00
f0065,8.145678e+01,9.915700e+01,7.567507e+01,9.750176e+01,9.430139e+01,7.583953e+01,8.306301e+01,8.348775e+01,7.554259e+01,9.389777e+01,9.584983e+01,7.290190e+01,2.455594e+01,2.285785e+01,1.988536e+01,2.172937e+01,2.071955e+01,2.062024e+01,2.601757e+01,2.550567e+01,2.588197e+01,2.470616e+01,2.724166e+01,2.245203e+01,1.045370e+02,1.159708e+02,1.056157e+02,1.066547e+02,1.256810e+02,1.349017e+02,1.030763e+02,1.040572e+02,1.223076e+02,1.366281e+02,1.176254e+02,1.203488e+02,5.753866e-01,3.321803e-01,6.452892e-01,5.974823e-01,3.757912e-01,3.796147e-01,5.293056e-01,4.944501e-01,3.583076e-01,4.396223e-01,4.087410e-01,5.364741e-01,4.067171e+00,3.688521e+00,4.230074e+00,4.154974e+00,3.483741e+00,3.445859e+00,4.158310e+00,4.172411e+00,3.969103e+00,3.739054e+00,3.854276e+00,3.653227e+00
f0066,7.984196e+01,7.120940e+01,9.801244e+01,7.245043e+01,8.058269e+01,7.102088e+01,7.405157e+01,7.620140e+01,6.799376e+01,7.018464e+01,1.019687e+02,1.106332e+02,2.449353e+01,2.058027e+01,2.205118e+01,2.324281e+01,2.289409e+01,1.830287e+01,2.615145e+01,2.410581e+01,2.370112e+01,2.266515e+01,2.250654e+01,2.170827e+01,9.293389e+01,1.093944e+02,1.026010e+02,1.221237e+02,1.497825e+02,1.300206e+02,9.626769e+01,1.011961e+02,1.145001e+02,1.452785e+02,1.610064e+02,9.739541e+01,1.870377e-01,3.400461e-01,1.260201e-01,5.641602e-01,7.113134e-01,1.095424e+00,1.492932e-01,2.056605e-01,5.305538e-01,9.175758e-01,6.917473e-01,3.608617e-01,3.254771e+00,3.253684e+00,3.375907e+00,4.155282e+00,4.319278e+00,5.687751e+00,3.321938e+00,3.311681e+00,4.348405e+00,4.877486e+00,4.463343e+00,3.906300e+00
f0067,1.031603e+02,1.092394e+02,1.149964e+02,9.280227e+01,7.511560e+01,9.478268e+01,1.021560e+02,9.367923e+01,8.742445e+01,6.812840e+01,6.659326e+01,7.847460e+01,2.829395e+01,2.252055e+01,2.056174e+01,2.043607e+01,2.158335e+01,2.365780e+01,2.292785e+01,2.825838e+01,2.557567e+01,2.515897e+01,2.627627e+01,2.292915e+01,5.685658e+01,5.658898e+01,6.476539e+01,9.057611e+01,1.043572e+02,1.251353e+02,5.231429e+01,6.169100e+01,6.421093e+01,8.270894e+01,1.014754e+02,1.095794e+02,-3.182586e-01,-4.871885e-03,-2.068686e-01,3.042877e-01,4.448443e-01,3.902836e-01,-4.655782e-02,-2.585976e-01,-6.211273e-02,2.691120e-01,3.632325e-01,6.859512e-01,4.331531e+00,3.766140e+00,3.695990e+00,3.513079e+00,4.077044e+00,3.641308e+00,3.257060e+00,3.946684e+00,4.260436e+00,4.048438e+00,3.698491e+00,3.990263e+00
f0068,8.653445e+01,1.364160e+02,9.577768e+01,8.514808e+01,9.014470e+01,9.977497e+01,8.713981e+01,8.686239e+01,8.935982e+01,1.301812e+02,1.055485e+02,1.237786e+02,2.348061e+01,1.626011e+01,1.631466e+01,1.371079e+01,1.588893e+01,1.633639e+01,2.358157e+01,2.374897e+01,2.865770e+01,2.439745e+01,2.475190e+01,2.397141e+01,8.983400e+01,8.670136e+01,9.728373e+01,8.531585e+01,1.068019e+02,1.207957e+02,8.998020e+01,8.792344e+01,1.399819e+02,1.139989e+02,1.110599e+02,1.219906e+02,3.419079e-01,1.669635e-01,4.265267e-01,8.532529e-01,6.284384e-01,6.794743e-01,2.915653e-01,2.460656e-01,1.865979e-01,3.988920e-01,4.456449e-01,4.789356e-01,3.598404e+00,3.537407e+00,4.391356e+00,4.744245e+00,4.070337e+00,3.933879e+00,3.635776e+00,3.612993e+00,3.771101e+00,3.434414e+00,3.852305e+00,3.956979e+00
f0069,1.504902e+02,1.740019e+02,1.700275e+02,1.306264e+02,1.287152e+02,1.242995e+02,1.548473e+02,1.686145e+02,1.321343e+02,1.218921e+02,1.624453e+02,1.499734e+02,2.716970e+01,2.227453e+01,2.050281e+01,1.954608e+01,2.101689e+01,2.500328e+01,2.610011e+01,2.778592e+01,2.366907e+01,2.405651e+01,2.281945e+01,2.455574e+01,9.121400e+01,1.039247e+02,1.130781e+02,1.067772e+02,1.208730e+02,1.469641e+02,9.131378e+01,9.572365e+01,1.062916e+02,1.283583e+02,1.414265e+02,1.120621e+02,2.539979e-01,2.476977e-02,2.197711e-01,4.094682e-01,2.741817e-01,1.405223e-02,2.656158e-01,6.899148e-02,3.031524e-01,2.684360e-01,2.828595e-01,1.193153e-01,3.436613e+00,3.404748e+00,3.014211e+00,3.641445e+00,3.467627e+00,3.497913e+00,3.276317e+00,3.451377e+00,3.731136e+00,3.347545e+00,3.084749e+00,3.287581e+00
f0070,8.455146e+01,1.066589e+02,1.030333e+02,8.506468e+01,8.183246e+01,1.088326e+02,8.177369e+01,9.432352e+01,9.252643e+01,1.056511e+02,1.459536e+02,8.900817e+01,2.492767e+01,1.750228e+01,1.655338e+01,2.027305e+01,2.052035e+01,2.140449e+01,2.436246e+01,2.639564e+01,2.626903e+01,2.395356e+01,2.307068e+01,2.731382e+01,6.316629e+01,4.900315e+01,6.362988e+01,1.075876e+02,1.152433e+02,1.327561e+02,5.751622e+01,5.795000e+01,1.237265e+02,1.393021e+02,7.130378e+01,1.136937e+02,-2.442778e-03,-1.490073e-01,1.232956e-01,3.042386e-01,5.597169e-01,5.821511e-01,-7.952475e-02,-2.296892e-01,4.021022e-01,4.997225e-01,2.643718e-01,1.677121e-01,4.164601e+00,3.695337e+00,3.769209e+00,3.657806e+00,4.278219e+00,4.017663e+00,4.359417e+00,4.173936e+00,4.025437e+00,3.690403e+00,3.699364e+00,4.081057e+00
f0071,6.054746e+01,7.185043e+01,7.861735e+01,7.112319e+01,6.886085e+01,6.363907e+01,6.971217e+01,7.526261e+01,7.633067e+01,7.197468e+01,6.777224e+01,7.602184e+01,2.500351e+01,1.806068e+01,1.712786e+01,1.844674e+01,1.668441e+01,1.792862e+01,2.297702e+01,1.816931e+01,1.751222e+01,1.802027e+01,1.533858e+01,1.788097e+01,7.861761e+01,9.631572e+01,9.124420e+01,1.058781e+02,1.012599e+02,1.114917e+02,7.434752e+01,9.572620e+01,9.576250e+01,9.930416e+01,9.366653e+01,1.159468e+02,3.654540e-01,4.395260e-01,4.778277e-01,5.621378e-01,9.980119e-01,1.134901e+00,3.693906e-01,4.744344e-01,4.765649e-01,6.662657e-01,1.295634e+00,1.039447e+00,4.065140e+00,4.894549e+00,4.296417e+00,4.518696e+00,5.595516e+00,6.486562e+00,4.441874e+00,4.839622e+00,4.409166e+00,5.555403e+00,6.855806e+00,6.321740e+00
f0072,1.089832e+02,1.101587e+02,1.294891e+02,1.121181e+02,1.068948e+02,1.039286e+02,1.091470e+02,1.130641e+02,1.124271e+02,1.067139e+02,1.038287e+02,1.003156e+02,2.588984e+01,1.584148e+01,1.610919e+01,1.592045e+01,1.749853e+01,1.990770e+01,2.418216e+01,1.906281e+01,1.873893e+01,1.820581e+01,1.879832e+01,2.022949e+01,4.471738e+01,8.103924e+01,6.142167e+01,6.125849e+01,8.796265e+01,1.188765e+02,4.581715e+01,7.476495e+01,5.809132e+01,8.997498e+01,1.084818e+02,1.287115e+02,-2.032454e-01,3.844007e-01,2.450566e-03,1.997095e-01,1.347853e-02,1.875614e-01,-2.682915e-01,2.094201e-01,9.500057e-02,2.222109e-01,3.955807e-01,4.230636e-01,3.787845e+00,3.953520e+00,4.673841e+00,3.867830e+00,3.519870e+00,3.771042e+00,4.416197e+00,4.325007e+00,3.731610e+00,3.781038e+00,3.478794e+00,3.790254e+00
f0073,4.776623e+01,8.832695e+01,5.754755e+01,5.054529e+01,5.936147e+01,6.032856e+01,4.946412e+01,6.481605e+01,4.553456e+01,6.294292e+01,8.909799e+01,8.831560e+01,2.348901e+01,1.961288e+01,2.016586e+01,1.931541e+01,1.978869e+01,2.131560e+01,2.479642e+01,2.160212e+01,2.340359e+01,2.439978e+01,2.242548e+01,2.056207e+01,9.111036e+01,9.697083e+01,1.078725e+02,1.031257e+02,1.173886e+02,1.455635e+02,9.121903e+01,8.983422e+01,1.053860e+02,1.508883e+02,1.577001e+02,9.415646e+01,4.491700e-01,3.291258e-01,6.427298e-01,6.649764e-01,8.386014e-01,8.492461e-01,4.462026e-01,4.575167e-01,6.379716e-01,6.216864e-01,6.578179e-01,4.140420e-01,3.783128e+00,3.451341e+00,4.452039e+00,5.412356e+00,5.499580e+00,4.649553e+00,3.822759e+00,3.851989e+00,5.380146e+00,4.342396e+00,4.173569e+00,3.645969e+00
f0074,6.596134e+01,8.446020e+01,7.834758e+01,6.271260e+01,6.928451e+01,1.065024e+02,7.850049e+01,8.547257e+01,7.472871e+01,6.631760e+01,8.900787e+01,1.755646e+02,2.632359e+01,2.208831e+01,2.121144e+01,1.967872e+01,2.108215e+01,2.272375e+01,2.541079e+01,2.145592e+01,2.334319e+01,2.244366e+01,2.173125e+01,2.421707e+01,1.137182e+02,1.490449e+02,1.234981e+02,1.139941e+02,1.290706e+02,1.511173e+02,1.143361e+02,1.314888e+02,1.168740e+02,1.216250e+02,1.356632e+02,1.731791e+02,5.698414e-01,7.160022e-01,6.146635e-01,8.703051e-01,7.941730e-01,5.231694e-01,5.671771e-01,7.952776e-01,5.727804e-01,7.677309e-01,6.951299e-01,4.825054e-01,3.940430e+00,3.984975e+00,3.868539e+00,4.899912e+00,4.821152e+00,4.096223e+00,3.780770e+00,4.032431e+00,4.297785e+00,4.924572e+00,4.512098e+00,3.817152e+00
f0075,5.689976e+01,7.541535e+01,8.585688e+01,5.914770e+01,6.596954e+01,7.057605e+01,6.474366e+01,6.731582e+01,5.236708e+01,8.991908e+01,1.142356e+02,1.755549e+02,2.605788e+01,2.211528e+01,2.181566e+01,2.022560e+01,2.152540e+01,2.069200e+01,2.478191e+01,2.231485e+01,2.359964e+01,2.355355e+01,2.595415e+01,2.555770e+01,8.335006e+01,9.871830e+01,1.074223e+02,1.029212e+02,1.160914e+02,1.269501e+02,8.361821e+01,8.490639e+01,1.030816e+02,1.199750e+02,1.655307e+02,1.543107e+02,2.717622e-01,9.307595e-02,2.085742e-01,4.387132e-01,3.437577e-01,4.873139e-01,8.496150e-02,9.110553e-02,3.915421e-01,3.225132e-01,5.064406e-01,5.162584e-01,3.464014e+00,3.409163e+00,3.694691e+00,4.023511e+00,3.530998e+00,3.749425e+00,3.544993e+00,3.670877e+00,3.971328e+00,3.526803e+00,3.625214e+00,3.730298e+00
f0076,9.230321e+01,1.022610e+02,9.357211e+01,1.027248e+02,1.219518e+02,9.822322e+01,9.101439e+01,9.455713e+01,1.011096e+02,1.119846e+02,1.153413e+02,8.265329e+01,2.339090e+01,2.260846e+01,2.081868e+01,1.976932e+01,2.208202e+01,2.252572e+01,2.324372e+01,2.541237e+01,2.586678e+01,2.643538e+01,2.529393e+01,2.677590e+01,9.623834e+01,1.053248e+02,1.005942e+02,1.082399e+02,1.514090e+02,1.591536e+02,9.574567e+01,1.017723e+02,1.280559e+02,1.744900e+02,1.263495e+02,1.071986e+02,3.034043e-01,2.635903e-01,4.462598e-01,6.205158e-01,5.562673e-01,6.388478e-01,3.039007e-01,1.320754e-01,4.390209e-01,5.407335e-01,2.675563e-01,3.861748e-01,3.590311e+00,3.935578e+00,4.014784e+00,4.168876e+00,3.722039e+00,3.686550e+00,3.743791e+00,4.123385e+00,4.074334e+00,3.542442e+00,3.610709e+00,4.060038e+00
f0077,6.336646e+01,1.037314e+02,7.397447e+01,8.040765e+01,1.061568e+02,9.486372e+01,6.556624e+01,9.004619e+01,6.940389e+01,1.047020e+02,1.327835e+02,1.594355e+02,2.299769e+01,1.933361e+01,2.066548e+01,1.953999e+01,2.015760e+01,2.070517e+01,2.245817e+01,2.366810e+01,2.101391e+01,2.305621e+01,2.756651e+01,2.375110e+01,9.179296e+01,9.766200e+01,1.097131e+02,1.108938e+02,1.123111e+02,1.238541e+02,9.252253e+01,1.044739e+02,1.073388e+02,1.171132e+02,1.627214e+02,1.465605e+02,5.323801e-01,3.028741e-01,5.466224e-01,8.951245e-01,6.975355e-01,4.912899e-01,5.252396e-01,1.464601e-01,8.375049e-01,4.687516e-01,1.849116e-01,4.665000e-01,3.820049e+00,3.404822e+00,4.424305e+00,5.368447e+00,4.712577e+00,4.165654e+00,3.712560e+00,3.722707e+00,5.020955e+00,4.077607e+00,3.505299e+00,3.425884e+00
f0078,4.061988e+01,5.316995e+01,4.408141e+01,4.163805e+01,5.637771e+01,1.124987e+02,3.791665e+01,4.507356e+01,4.118333e+01,9.267817e+01,1.591776e+02,1.014889e+02,2.209552e+01,1.973294e+01,2.014752e+01,1.848681e+01,2.107059e+01,2.328234e+01,2.109053e+01,2.643902e+01,2.241100e+01,2.509689e+01,2.390289e+01,2.221334e+01,8.596591e+01,7.985812e+01,9.726514e+01,9.222256e+01,1.148641e+02,1.179724e+02,8.608395e+01,8.761695e+01,9.735430e+01,1.169182e+02,1.331955e+02,1.345723e+02,3.330283e-01,3.979857e-02,3.724130e-01,4.815229e-01,3.753135e-01,2.504249e-01,2.919655e-01,-1.474169e-03,3.637393e-01,2.035502e-01,3.188282e-01,6.632532e-01,3.380753e+00,3.434308e+00,3.925179e+00,3.930870e+00,3.494648e+00,3.520298e+00,3.321755e+00,3.698809e+00,3.874300e+00,4.286579e+00,3.163970e+00,4.155897e+00
f0079,1.040974e+02,1.248230e+02,1.042793e+02,9.041988e+01,9.360521e+01,1.120576e+02,1.134832e+02,1.282020e+02,1.048185e+02,9.765769e+01,1.024444e+02,1.209157e+02,2.299468e+01,1.667800e+01,1.539604e+01,1.699126e+01,1.806732e+01,1.796521e+01,2.372737e+01,1.891493e+01,1.842687e+01,1.899413e+01,2.117335e+01,2.039367e+01,5.879265e+01,4.999411e+01,6.991692e+01,9.520515e+01,1.039180e+02,1.133833e+02,5.723208e+01,4.885700e+01,9.107685e+01,1.026880e+02,1.183819e+02,1.232926e+02,1.289312e-01,-4.462494e-03,3.205638e-01,5.795914e-01,5.120198e-01,5.897914e-01,4.804902e-02,-3.794486e-02,1.182096e-01,4.897717e-01,3.625477e-01,3.571582e-01,3.813058e+00,3.624042e+00,3.554956e+00,4.672124e+00,5.018688e+00,4.345465e+00,3.909781e+00,3.724493e+00,3.447674e+00,4.254859e+00,4.309027e+00,3.761863e+00
f0080,4.307553e+01,4.565972e+01,4.817708e+01,4.801926e+01,6.733744e+01,7.145676e+01,4.252594e+01,4.443228e+01,6.092963e+01,6.130455e+01,5.811842e+01,4.351332e+01,2.215720e+01,1.933237e+01,1.406286e+01,1.289180e+01,1.602172e+01,1.440891e+01,2.208901e+01,2.135294e+01,1.913650e+01,1.391245e+01,2.105826e+01,1.802256e+01,1.030452e+02,1.083587e+02,6.892973e+01,5.994593e+01,9.392836e+01,9.100395e+01,9.941097e+01,1.021898e+02,9.067047e+01,8.271403e+01,1.150499e+02,8.614094e+01,1.164699e+00,1.167008e+00,2.510188e+00,2.457915e+00,2.219821e+00,2.634748e+00,1.199284e+00,1.102760e+00,2.141729e+00,2.757548e+00,1.327958e+00,2.219811e+00,6.703466e+00,7.058133e+00,1.622594e+01,1.602276e+01,1.238346e+01,1.453129e+01,6.815400e+00,6.924953e+00,1.251999e+01,1.626867e+01,7.173453e+00,1.297135e+01
f0081,5.421042e+01,5.095917e+01,7.537902e+01,6.406940e+01,1.025444e+02,1.369165e+02,5.774778e+01,5.228051e+01,6.338893e+01,8.527495e+01,1.300354e+02,1.426459e+02,2.453085e+01,1.790242e+01,2.106977e+01,2.096547e+01,2.234194e+01,2.025145e+01,2.303698e+01,1.962006e+01,2.233354e+01,2.357580e+01,2.376141e+01,2.357065e+01,7.847635e+01,6.491415e+01,1.049526e+02,1.162303e+02,1.441106e+02,1.539552e+02,7.433670e+01,6.950479e+01,1.070896e+02,1.394350e+02,1.548928e+02,1.684316e+02,2.846857e-01,1.429720e-01,3.726555e-01,5.739967e-01,5.453998e-01,7.285568e-01,3.157998e-01,4.242247e-02,4.534853e-01,4.730483e-01,6.083666e-01,6.549884e-01,3.715988e+00,3.561506e+00,3.964340e+00,4.249486e+00,4.172497e+00,3.699230e+00,3.642522e+00,3.658790e+00,4.173896e+00,3.988152e+00,3.795968e+00,3.668519e+00
f0082,5.309781e+01,8.269503e+01,5.453713e+01,3.365758e+01,7.494546e+01,8.379824e+01,6.887053e+01,6.628751e+01,5.205309e+01,7.579041e+01,3.823125e+01,5.081162e+01,2.457769e+01,2.011019e+01,2.116860e+01,1.831023e+01,1.899697e+01,2.081145e+01,2.329081e+01,2.430752e+01,2.331472e+01,2.100217e+01,2.112788e+01,2.350179e+01,1.228323e+02,1.432439e+02,1.230354e+02,1.130921e+02,1.197902e+02,1.321919e+02,1.218378e+02,1.215900e+02,1.182856e+02,1.612263e+02,1.317640e+02,1.271781e+02,7.628686e-01,9.521181e-01,7.342091e-01,8.592038e-01,7.514001e-01,5.845066e-01,7.815544e-01,7.982835e-01,6.408607e-01,8.843492e-01,1.064190e+00,6.352464e-01,4.164784e+00,4.593091e+00,4.525435e+00,4.920419e+00,4.418178e+00,4.016126e+00,4.278979e+00,4.469332e+00,4.359064e+00,3.816106e+00,5.138101e+00,4.443576e+00
f0083,6.067695e+01,5.743552e+01,7.622284e+01,6.599387e+01,6.696593e+01,1.385278e+02,6.008402e+01,5.709537e+01,7.310442e+01,6.477937e+01,8.402002e+01,1.969524e+02,2.314462e+01,2.054207e+01,2.045483e+01,1.934099e+01,2.208693e+01,2.153583e+01,2.290193e+01,2.150200e+01,2.164862e+01,2.043100e+01,2.024203e+01,2.451121e+01,6.812847e+01,6.968782e+01,9.719582e+01,9.704609e+01,1.334356e+02,1.560294e+02,6.592939e+01,6.970950e+01,1.067479e+02,1.072144e+02,1.379072e+02,1.893940e+02,2.386693e-01,-6.052343e-02,5.406911e-01,8.305631e-01,5.807360e-01,6.176645e-01,2.099420e-01,-1.896321e-01,6.042347e-01,7.470551e-01,7.464275e-01,5.932881e-01,3.749965e+00,3.913115e+00,4.410700e+00,5.110301e+00,4.223698e+00,3.412374e+00,3.627045e+00,3.945141e+00,4.445673e+00,4.853541e+00,3.799996e+00,3.583060e+00
f0084,7.754595e+01,9.786445e+01,9.222361e+01,9.310777e+01,1.007658e+02,1.510582e+02,7.963917e+01,9.540116e+01,1.011587e+02,8.511186e+01,9.269449e+01,1.216419e+02,2.433411e+01,1.626312e+01,1.559650e+01,1.969118e+01,1.919469e+01,2.069940e+01,2.447781e+01,1.535357e+01,1.530585e+01,1.872478e+01,2.213802e+01,2.278097e+01,6.183549e+01,4.269554e+01,5.667636e+01,1.013920e+02,1.194489e+02,1.473575e+02,5.175311e+01,4.103905e+01,5.766283e+01,9.874130e+01,1.343313e+02,1.582624e+02,-7.619740e-02,-2.278029e-01,7.621345e-02,4.170579e-01,6.568266e-01,5.772228e-01,-2.568052e-01,-2.049763e-01,7.170004e-02,5.393525e-01,4.737835e-01,3.984316e-01,3.691236e+00,3.577190e+00,3.591401e+00,3.739500e+00,3.986586e+00,3.502851e+00,3.732802e+00,3.550733e+00,3.449370e+00,3.971740e+00,3.965593e+00,3.443359e+00
f0085,4.795721e+01,6.111920e+01,5.074786e+01,5.954092e+01,7.011461e+01,1.022760e+02,4.601662e+01,5.312848e+01,5.964854e+01,7.054355e+01,1.064204e+02,8.870316e+01,2.430564e+01,2.040650e+01,1.987272e+01,1.929574e+01,2.029237e+01,2.284888e+01,2.511253e+01,2.463789e+01,2.381175e+01,2.309090e+01,2.224129e+01,2.507745e+01,1.295933e+02,1.384077e+02,1.123217e+02,1.133953e+02,1.185978e+02,1.388185e+02,1.333805e+02,1.532643e+02,1.175978e+02,1.338717e+02,1.211171e+02,1.418532e+02,7.213723e-01,7.699342e-01,8.215911e-01,7.847226e-01,6.777412e-01,2.690006e-01,6.835342e-01,5.110432e-01,5.543448e-01,4.193308e-01,3.258390e-01,8.960734e-02,4.028094e+00,4.271848e+00,5.025558e+00,4.869042e+00,4.448815e+00,4.119677e+00,3.902012e+00,3.735687e+00,4.671328e+00,3.905521e+00,3.648511e+00,3.420504e+00
f0086,6.585376e+01,8.954216e+01,5.909914e+01,5.040075e+01,8.168917e+01,1.446585e+02,6.819819e+01,8.367237e+01,5.344839e+01,6.684007e+01,1.044219e+02,1.625150e+02,2.433024e+01,2.246977e+01,2.161269e+01,2.005895e+01,2.179594e+01,2.197909e+01,2.260859e+01,2.223905e+01,2.104766e+01,1.958432e+01,2.370143e+01,2.238647e+01,8.567203e+01,9.962198e+01,1.014193e+02,1.135992e+02,1.362825e+02,1.793889e+02,8.606657e+01,9.134918e+01,1.017624e+02,1.239349e+02,1.715221e+02,1.904199e+02,2.262988e-01,9.348401e-02,2.545824e-01,6.863704e-01,5.411975e-01,6.923709e-01,2.487032e-01,1.534843e-01,4.025171e-01,8.197644e-01,5.677937e-01,6.508045e-01,3.437469e+00,3.585924e+00,4.130846e+00,4.833895e+00,4.153661e+00,3.459181e+00,3.394010e+00,3.723955e+00,4.126886e+00,4.660883e+00,3.459238e+00,3.275083e+00
f0087,4.070195e+01,5.724992e+01,4.695713e+01,6.430310e+01,7.723059e+01,7.185341e+01,4.119413e+01,3.713294e+01,6.851565e+01,8.031779e+01,9.389583e+01,6.671100e+01,2.479003e+01,1.863379e+01,2.068550e+01,1.931886e+01,2.135056e+01,1.750031e+01,2.576967e+01,2.653732e+01,2.331582e+01,2.322980e+01,2.277386e+01,2.232688e+01,8.570865e+01,6.458182e+01,1.031461e+02,1.022817e+02,1.311092e+02,1.266486e+02,8.550392e+01,9.198229e+01,1.271321e+02,1.482583e+02,1.049110e+02,1.037352e+02,4.126783e-01,2.342889e-01,6.297698e-01,8.445217e-01,8.917697e-01,1.165440e+00,3.693014e-01,1.322314e-01,7.260870e-01,8.243538e-01,6.638461e-01,4.070433e-01,4.032153e+00,4.197880e+00,4.679895e+00,5.431145e+00,4.966428e+00,5.245144e+00,4.050093e+00,4.239047e+00,4.716032e+00,4.544846e+00,4.709250e+00,3.343150e+00
f0088,4.655467e+01,6.118572e+01,4.844754e+01,5.814968e+01,1.023272e+02,1.168231e+02,4.701526e+01,5.381323e+01,5.114298e+01,7.818166e+01,1.276105e+02,1.814557e+02,2.459940e+01,2.066104e+01,1.945247e+01,1.991511e+01,2.124927e+01,2.278368e+01,2.504226e+01,2.205483e+01,2.101469e+01,2.375172e+01,2.463241e+01,2.419886e+01,1.332159e+02,1.419806e+02,1.192559e+02,1.160985e+02,1.308836e+02,1.671585e+02,1.378058e+02,1.462265e+02,1.138504e+02,1.280244e+02,1.685078e+02,1.867552e+02,5.962204e-01,7.873701e-01,7.967190e-01,7.314194e-01,5.532266e-01,4.602016e-01,6.405134e-01,7.557851e-01,6.818552e-01,4.972796e-01,3.876083e-01,3.294363e-01,4.039087e+00,4.584924e+00,4.892986e+00,4.935809e+00,4.101442e+00,3.800541e+00,4.317617e+00,4.186328e+00,4.972115e+00,4.231842e+00,3.646070e+00,2.940812e+00
f0089,9.365439e+01,8.703739e+01,8.037440e+01,1.512110e+02,1.278894e+02,8.802514e+01,9.821174e+01,9.037279e+01,8.203412e+01,1.668462e+02,1.146788e+02,8.849903e+01,2.172041e+01,2.286102e+01,2.281847e+01,2.893946e+01,2.422336e+01,2.919294e+01,2.047928e+01,2.495836e+01,2.299479e+01,2.745091e+01,2.555641e+01,2.502817e+01,5.561239e+01,5.787033e+01,1.265209e+02,2.173499e+02,1.287486e+02,1.389520e+02,5.491571e+01,5.980422e+01,1.226257e+02,2.098039e+02,1.458055e+02,1.382306e+02,3.048343e-01,1.168271e-01,6.742342e-01,3.414900e-01,6.562132e-01,2.131125e-01,3.090645e-01,6.023607e-02,6.526102e-01,3.721699e-01,4.926208e-01,4.080146e-01,3.813892e+00,4.149185e+00,3.742904e+00,2.895592e+00,3.974515e+00,3.718311e+00,3.745634e+00,4.119303e+00,4.027593e+00,2.965405e+00,3.668768e+00,3.390320e+00
f0090,7.660800e+01,8.587336e+01,7.984401e+01,7.984401e+01,8.505234e+01,7.638034e+01,7.323266e+01,8.452039e+01,7.814895e+01,8.649459e+01,8.674124e+01,9.244834e+01,2.445269e+01,1.829687e+01,1.747285e+01,1.601785e+01,1.847097e+01,1.599105e+01,2.355019e+01,1.774040e+01,1.999472e+01,1.821022e+01,1.951396e+01,1.801479e+01,1.096294e+02,1.087595e+02,1.101279e+02,1.114007e+02,1.295081e+02,1.028566e+02,1.093549e+02,1.062121e+02,1.198589e+02,1.210933e+02,1.345655e+02,1.138396e+02,4.928407e-01,5.216894e-01,4.639345e-01,8.481793e-01,9.167528e-01,1.032071e+00,4.252214e-01,5.024395e-01,4.393341e-01,7.627972e-01,8.615420e-01,7.268536e-01,3.561026e+00,3.744662e+00,3.266745e+00,3.943478e+00,4.301802e+00,4.872815e+00,3.457099e+00,3.693250e+00,3.644977e+00,4.065178e+00,4.447285e+00,4.295820e+00
f0091,9.767102e+01,1.246269e+02,1.250284e+02,9.496723e+01,8.170174e+01,1.111559e+02,1.024774e+02,1.060358e+02,9.394286e+01,1.020939e+02,9.647330e+01,1.273199e+02,2.415056e+01,1.941120e+01,2.192482e+01,2.084948e+01,2.273493e+01,2.069797e+01,2.420704e+01,2.535291e+01,2.417557e+01,2.589103e+01,2.351825e+01,2.404375e+01,9.170164e+01,9.199973e+01,1.220512e+02,1.230502e+02,1.360578e+02,1.270859e+02,9.159497e+01,9.028061e+01,1.249960e+02,1.369260e+02,1.241122e+02,1.011697e+02,1.438512e-01,2.740812e-01,1.264789e-01,3.774229e-01,2.866134e-01,4.018028e-01,1.847088e-01,9.903561e-02,2.847502e-01,2.122535e-01,2.348782e-01,1.730891e-01,3.365011e+00,3.391577e+00,3.419265e+00,3.480041e+00,3.739253e+00,3.457463e+00,3.362099e+00,3.507786e+00,3.503730e+00,3.486994e+00,3.727874e+00,3.206348e+00
f0092,6.544996e+01,1.012958e+02,7.736938e+01,6.428571e+01,9.152629e+01,9.371118e+01,7.638926e+01,9.370159e+01,7.251734e+01,7.396426e+01,1.078588e+02,1.623049e+02,2.390174e+01,1.940689e+01,2.079215e+01,1.961347e+01,2.116605e+01,2.019499e+01,2.177011e+01,2.034517e+01,1.969935e+01,2.417022e+01,2.405591e+01,2.270037e+01,8.171085e+01,6.923679e+01,1.013834e+02,1.146696e+02,1.369349e+02,1.407005e+02,7.504845e+01,6.731303e+01,1.012304e+02,1.397237e+02,1.566542e+02,1.677983e+02,3.832082e-01,6.959763e-02,2.561967e-01,5.674499e-01,4.702762e-01,5.697299e-01,3.420736e-01,1.299089e-01,5.655702e-01,3.426536e-01,4.617481e-01,6.213288e-01,3.654554e+00,3.537379e+00,3.862086e+00,3.794984e+00,3.678565e+00,3.661699e+00,3.580094e+00,3.842562e+00,3.886456e+00,3.884174e+00,3.518733e+00,3.375837e+00
f0093,4.482575e+01,5.038240e+01,4.424964e+01,5.076118e+01,9.129509e+01,1.156097e+02,4.497109e+01,4.551160e+01,4.429491e+01,1.129267e+02,1.769117e+02,5.749927e+01,2.418007e+01,2.325186e+01,2.015699e+01,1.875203e+01,2.335382e+01,2.553946e+01,2.315994e+01,2.266192e+01,2.249251e+01,2.749386e+01,2.648903e+01,2.462081e+01,1.026301e+02,1.098852e+02,1.098836e+02,1.026462e+02,1.523538e+02,2.088174e+02,9.961773e+01,1.002143e+02,1.168487e+02,1.996252e+02,2.130879e+02,1.260690e+02,6.611703e-01,4.877641e-01,7.497009e-01,8.173433e-01,5.746675e-01,4.434862e-01,6.593036e-01,6.153532e-01,6.707702e-01,4.678585e-01,4.514593e-01,4.021483e-01,4.365270e+00,4.337516e+00,4.916257e+00,4.946544e+00,4.743421e+00,4.011612e+00,4.327776e+00,4.332843e+00,5.003107e+00,4.154242e+00,3.541376e+00,3.269339e+00
f0094,5.283115e+01,8.262067e+01,6.867998e+01,6.395414e+01,8.738716e+01,9.695354e+01,7.587496e+01,7.884543e+01,5.544080e+01,7.114442e+01,7.954058e+01,8.575741e+01,2.227743e+01,1.949100e+01,2.057122e+01,2.081378e+01,1.994543e+01,2.022819e+01,2.109517e+01,1.895432e+01,1.993994e+01,2.176675e+01,2.140219e+01,1.895941e+01,6.297569e+01,6.003907e+01,8.609697e+01,1.106733e+02,1.227010e+02,1.498794e+02,5.488739e+01,5.808050e+01,9.184515e+01,1.184222e+02,1.384117e+02,1.190884e+02,1.138024e-01,1.599623e-01,9.394734e-02,5.631169e-01,8.020443e-01,7.586823e-01,1.326644e-01,1.553874e-01,4.160775e-01,6.331956e-01,7.683093e-01,7.322954e-01,3.746055e+00,3.763698e+00,3.920114e+00,4.564091e+00,4.275024e+00,3.883547e+00,3.464173e+00,3.645628e+00,4.190168e+00,4.286364e+00,4.305644e+00,4.213417e+00
f0095,7.485638e+01,9.584177e+01,9.912969e+01,7.282401e+01,9.522180e+01,1.287428e+02,7.936798e+01,9.456243e+01,8.083626e+01,8.546485e+01,1.317309e+02,1.864210e+02,2.189272e+01,1.855324e+01,1.646715e+01,1.921289e+01,2.053374e+01,2.072520e+01,1.991882e+01,1.885166e+01,1.973987e+01,2.089554e+01,2.361845e+01,2.433033e+01,5.164531e+01,7.047147e+01,6.503942e+01,1.025327e+02,1.195809e+02,1.369274e+02,4.682190e+01,5.831316e+01,9.088318e+01,1.104746e+02,1.528149e+02,1.620524e+02,5.924434e-01,1.960171e-01,5.553085e-01,4.874142e-01,4.388771e-01,4.680610e-01,5.366058e-01,2.780191e-01,4.926084e-01,4.452180e-01,3.728760e-01,3.816115e-01,4.360718e+00,4.254538e+00,4.070686e+00,4.259033e+00,4.055306e+00,3.920107e+00,4.361051e+00,3.936904e+00,4.297364e+00,3.955423e+00,3.662823e+00,3.327668e+00
f0096,4.499700e+01,7.861705e+01,5.568108e+01,4.467989e+01,1.086401e+02,1.165463e+02,4.380285e+01,4.370726e+01,8.989218e+01,1.333055e+02,7.243297e+01,7.507209e+01,2.560733e+01,2.029781e+01,2.100883e+01,2.269799e+01,2.182900e+01,2.400990e+01,2.377918e+01,2.322844e+01,2.702052e+01,2.933436e+01,2.509598e+01,2.609173e+01,9.203383e+01,8.413422e+01,1.219073e+02,1.121362e+02,1.198056e+02,1.630000e+02,8.666797e+01,8.829679e+01,1.407704e+02,1.798863e+02,1.042314e+02,1.301394e+02,2.737404e-01,5.217178e-01,3.607601e-01,3.549568e-01,4.319007e-01,2.631011e-01,2.615652e-01,2.807648e-01,2.091104e-01,1.681280e-01,2.536135e-01,2.375941e-01,3.419395e+00,3.865007e+00,3.222870e+00,4.574223e+00,4.072164e+00,3.270614e+00,3.390335e+00,3.549512e+00,3.270746e+00,2.945145e+00,3.404946e+00,3.289323e+00
f0097,5.684394e+01,6.755993e+01,6.057166e+01,5.970920e+01,7.035643e+01,1.169051e+02,5.594152e+01,6.428654e+01,5.917449e+01,5.749007e+01,1.042388e+02,1.586442e+02,2.401726e+01,2.241484e+01,2.130810e+01,2.004166e+01,2.302774e+01,2.361856e+01,2.325876e+01,2.384047e+01,2.189575e+01,2.136904e+01,2.460068e+01,2.375235e+01,1.070559e+02,1.199737e+02,1.114619e+02,1.127769e+02,1.390421e+02,1.398078e+02,1.057349e+02,1.188643e+02,1.149769e+02,1.130370e+02,1.413736e+02,1.555072e+02,5.843917e-01,3.783657e-01,6.687077e-01,8.258200e-01,4.953016e-01,4.361803e-01,5.951918e-01,3.644661e-01,7.829597e-01,7.742258e-01,3.652718e-01,4.322879e-01,3.881991e+00,3.746495e+00,4.649248e+00,4.810715e+00,4.152592e+00,4.066497e+00,3.908626e+00,3.668848e+00,4.913332e+00,4.931368e+00,4.090096e+00,3.419177e+00
f0098,6.315546e+01,7.890082e+01,6.349456e+01,7.076618e+01,7.876651e+01,8.291486e+01,6.349204e+01,7.144578e+01,7.527527e+01,8.107018e+01,8.196186e+01,7.549472e+01,2.219175e+01,1.822642e+01,2.247439e+01,2.080805e+01,1.898298e+01,1.929207e+01,2.160235e+01,2.419373e+01,2.096132e+01,1.976527e+01,2.044985e+01,2.212283e+01,7.770219e+01,7.159318e+01,1.110264e+02,1.180165e+02,1.325740e+02,1.422397e+02,7.725247e+01,8.396710e+01,1.108609e+02,1.318568e+02,1.231578e+02,8.184314e+01,5.628660e-01,2.625004e-01,5.071445e-01,9.422445e-01,1.387037e+00,1.405102e+00,4.903304e-01,9.737516e-02,1.012573e+00,1.376797e+00,1.121741e+00,3.653933e-01,4.485894e+00,3.886712e+00,4.577599e+00,5.450815e+00,7.042257e+00,7.539799e+00,4.354010e+00,4.335660e+00,5.450503e+00,6.758774e+00,6.125763e+00,4.682802e+00
f0099,9.524799e+01,1.045635e+02,8.632756e+01,9.420996e+01,1.045094e+02,1.085498e+02,8.965672e+01,9.486262e+01,1.125950e+02,1.304710e+02,1.001664e+02,1.191777e+02,2.412186e+01,1.741323e+01,1.507554e+01,1.536926e+01,1.589757e+01,1.671245e+01,2.425673e+01,2.981072e+01,2.691411e+01,2.769553e+01,2.551446e+01,2.623154e+01,9.826446e+01,1.096934e+02,8.734797e+01,1.021126e+02,1.119633e+02,1.136111e+02,9.710114e+01,1.075572e+02,1.254924e+02,7.187709e+01,9.967050e+01,1.175755e+02,4.120129e-01,4.509266e-01,7.032596e-01,8.684659e-01,6.811463e-01,6.852205e-01,4.054472e-01,1.169360e-01,2.531850e-01,-2.304802e-01,1.420436e-01,4.177403e-01,3.562284e+00,3.667654e+00,5.227711e+00,5.383518e+00,3.968674e+00,4.480713e+00,3.559935e+00,4.154939e+00,3.261404e+00,4.026771e+00,3.589296e+00,3.935617e+00
f0100,7.497428e+01,7.972028e+01,8.831261e+01,6.416084e+01,9.527001e+01,1.411260e+02,7.998555e+01,7.786989e+01,6.919403e+01,1.004425e+02,1.705222e+02,1.386927e+02,2.499565e+01,1.913138e+01,2.058808e+01,2.291989e+01,2.224459e+01,2.503012e+01,2.365823e+01,2.123893e+01,2.565879e+01,2.531717e+01,2.693366e+01,2.635433e+01,8.037708e+01,8.993847e+01,9.710667e+01,1.227136e+02,1.463732e+02,1.898415e+02,7.794171e+01,7.903136e+01,1.167901e+02,1.709836e+02,2.103733e+02,1.710863e+02,3.083845e-01,2.913412e-01,2.858819e-01,2.996866e-01,3.596862e-01,2.544672e-01,4.142250e-01,3.622494e-01,2.752763e-01,3.047591e-01,2.691042e-01,3.508106e-01,3.721124e+00,3.705561e+00,3.812190e+00,3.722551e+00,3.366538e+00,2.827953e+00,3.591341e+00,3.672620e+00,3.863251e+00,3.004491e+00,2.692570e+00,3.026180e+00
f0101,6.100574e+01,5.837758e+01,7.377461e+01,6.015443e+01,4.880833e+01,6.479242e+01,7.017399e+01,7.376150e+01,5.002877e+01,6.540301e+01,5.482437e+01,7.796018e+01,2.287461e+01,1.824796e+01,2.022213e+01,1.912524e+01,1.999675e+01,1.744682e+01,2.275641e+01,2.226604e+01,2.374498e+01,1.993608e+01,1.877678e+01,1.930405e+01,7.057808e+01,7.250850e+01,1.014698e+02,1.111266e+02,1.182651e+02,9.445115e+01,7.029851e+01,6.739141e+01,1.094384e+02,9.579123e+01,1.068162e+02,6.104218e+01,2.977378e-01,2.057757e-01,4.310547e-01,8.452799e-01,7.830972e-01,1.235358e+00,2.055343e-01,1.437474e-01,6.933318e-01,1.008679e+00,1.436587e+00,6.256601e-01,3.794554e+00,4.127545e+00,4.073145e+00,4.832936e+00,5.142203e+00,7.039915e+00,3.700559e+00,3.906221e+00,4.883704e+00,6.184350e+00,8.052980e+00,6.304969e+00
f0102,6.570570e+01,7.479381e+01,6.613757e+01,7.140912e+01,6.910403e+01,5.677132e+01,6.926553e+01,8.699659e+01,7.942868e+01,6.277191e+01,5.556661e+01,7.438994e+01,2.077123e+01,1.508285e+01,1.614643e+01,1.958031e+01,1.988335e+01,1.977324e+01,2.183788e+01,1.632398e+01,1.795814e+01,2.051726e+01,1.958895e+01,2.172254e+01,5.303644e+01,7.886305e+01,6.516945e+01,1.081431e+02,1.111835e+02,1.224459e+02,5.219348e+01,6.487212e+01,9.319441e+01,1.089722e+02,1.145524e+02,1.528758e+02,2.925019e-01,5.094275e-01,3.912279e-01,6.530703e-01,8.133242e-01,7.299673e-01,2.144778e-01,2.525030e-01,5.433186e-01,7.848898e-01,7.469025e-01,6.993750e-01,4.324332e+00,3.911226e+00,3.926101e+00,4.649169e+00,5.443856e+00,5.134622e+00,4.119169e+00,3.944487e+00,4.035187e+00,5.119385e+00,4.949149e+00,4.368586e+00
f0103,6.306738e+01,9.281622e+01,7.234970e+01,5.205800e+01,6.454317e+01,8.075583e+01,7.071582e+01,6.756006e+01,6.625365e+01,1.071213e+02,7.432284e+01,9.153699e+01,2.307679e+01,2.059346e+01,2.314089e+01,1.726042e+01,2.368163e+01,1.948379e+01,2.554982e+01,2.580004e+01,2.630963e+01,2.371785e+01,2.556532e+01,2.390013e+01,9.343316e+01,1.023704e+02,1.108195e+02,9.664270e+01,1.227544e+02,1.247762e+02,9.609974e+01,9.873816e+01,1.303458e+02,1.260716e+02,1.090991e+02,1.381181e+02,4.713582e-01,2.021139e-01,4.806790e-01,8.752201e-01,6.167175e-01,8.156461e-01,3.981791e-01,3.204481e-01,5.016991e-01,4.406132e-01,5.582462e-01,6.892788e-01,3.639473e+00,3.376644e+00,4.473487e+00,5.010599e+00,5.249697e+00,4.852692e+00,3.644934e+00,3.811072e+00,4.189272e+00,3.258366e+00,4.919400e+00,4.833530e+00
f0104,6.605639e+01,7.519301e+01,6.668434e+01,8.934182e+01,1.112940e+02,1.087403e+02,6.496398e+01,7.429355e+01,7.028520e+01,9.179089e+01,9.002796e+01,1.127454e+02,2.327350e+01,2.579853e+01,2.390420e+01,2.203360e+01,2.421537e+01,2.345107e+01,2.373253e+01,2.473926e+01,2.318720e+01,2.369926e+01,2.097524e+01,2.454203e+01,9.896142e+01,1.076267e+02,1.124175e+02,1.269542e+02,1.667172e+02,1.592067e+02,9.760184e+01,1.019011e+02,1.140139e+02,1.596385e+02,1.292109e+02,1.800007e+02,5.015083e-01,3.331956e-01,5.355576e-01,6.907192e-01,7.876365e-01,5.617432e-01,5.016567e-01,4.349066e-01,6.921759e-01,6.283386e-01,7.859657e-01,5.960744e-01,3.987039e+00,3.780144e+00,4.675710e+00,4.396756e+00,5.472408e+00,3.576998e+00,3.990625e+00,3.790330e+00,4.417559e+00,4.077666e+00,4.834157e+00,3.944332e+00
f0105,8.634036e+01,1.144274e+02,8.660891e+01,9.173576e+01,8.709609e+01,9.729131e+01,8.925942e+01,1.122268e+02,8.722164e+01,9.321831e+01,1.003205e+02,1.219103e+02,2.279972e+01,1.609562e+01,1.647452e+01,1.851981e+01,1.751516e+01,1.771870e+01,2.165290e+01,1.853239e+01,1.863117e+01,2.120917e+01,2.264319e+01,2.188052e+01,8.174811e+01,6.946686e+01,9.226190e+01,1.071598e+02,1.093673e+02,1.230242e+02,7.873620e+01,6.823124e+01,9.812978e+01,1.153343e+02,1.370033e+02,1.649491e+02,4.797647e-01,1.754548e-01,4.715366e-01,5.412621e-01,7.740116e-01,7.727022e-01,4.353862e-01,1.652108e-01,5.604856e-01,5.507789e-01,4.187406e-01,6.580415e-01,4.028485e+00,3.751463e+00,3.785153e+00,4.135460e+00,4.430793e+00,4.276890e+00,3.886534e+00,3.877776e+00,4.203343e+00,4.602796e+00,4.128159e+00,3.726398e+00
f0106,5.038923e+01,8.460198e+01,5.696978e+01,6.010576e+01,9.926174e+01,1.427496e+02,5.707348e+01,8.123841e+01,5.103221e+01,6.389688e+01,1.239680e+02,1.822029e+02,2.348863e+01,2.272546e+01,2.206104e+01,2.030990e+01,1.968606e+01,2.090353e+01,2.215356e+01,2.378918e+01,2.019525e+01,2.009468e+01,2.059886e+01,2.247263e+01,8.863494e+01,1.193614e+02,1.070068e+02,1.023605e+02,1.360723e+02,1.561116e+02,8.950988e+01,1.080858e+02,9.941595e+01,1.093006e+02,1.456899e+02,1.726305e+02,3.107894e-01,2.814084e-01,3.793288e-01,5.081022e-01,6.602876e-01,7.028069e-01,2.447833e-01,1.180052e-01,6.999632e-01,6.240945e-01,6.588123e-01,5.193972e-01,3.673692e+00,4.465795e+00,4.586694e+00,4.620670e+00,3.681955e+00,3.477011e+00,3.486406e+00,4.249562e+00,4.643555e+00,4.161425e+00,3.750540e+00,3.336063e+00
f0107,5.102021e+01,8.535985e+01,7.290246e+01,5.585069e+01,5.793718e+01,7.617582e+01,6.909423e+01,8.291074e+01,5.401370e+01,5.245262e+01,1.450122e+02,1.328929e+02,2.477605e+01,1.434114e+01,2.013510e+01,2.006566e+01,2.248424e+01,2.091146e+01,2.543349e+01,1.984096e+01,2.244760e+01,2.071978e+01,2.164114e+01,2.198271e+01,7.713390e+01,5.163149e+01,9.522294e+01,1.098936e+02,1.265466e+02,1.325935e+02,7.080541e+01,6.370830e+01,1.084429e+02,1.138361e+02,1.518938e+02,1.261937e+02,3.576147e-01,3.353834e-01,3.197850e-01,7.348497e-01,5.227056e-01,6.101703e-01,2.707340e-01,5.206296e-02,6.447611e-01,7.204260e-01,7.483415e-01,5.261620e-01,4.129382e+00,3.472513e+00,4.165186e+00,4.835917e+00,4.653151e+00,4.081444e+00,3.769189e+00,3.615418e+00,4.648154e+00,4.336737e+00,4.460140e+00,4.052966e+00
f0108,5.276461e+01,8.578392e+01,7.371703e+01,7.085158e+01,7.056969e+01,7.303811e+01,5.791675e+01,8.696596e+01,7.115302e+01,5.830322e+01,8.019168e+01,1.567924e+02,2.268389e+01,1.885773e+01,2.296669e+01,2.092396e+01,1.838108e+01,1.876041e+01,2.579228e+01,2.049773e+01,2.344402e+01,2.097530e+01,2.229118e+01,2.495004e+01,9.815160e+01,9.100078e+01,1.225580e+02,1.175917e+02,1.058414e+02,1.192685e+02,9.695828e+01,8.914104e+01,1.163150e+02,1.096085e+02,1.360551e+02,1.843137e+02,2.686184e-01,1.276624e-01,1.744416e-01,6.456152e-01,7.526516e-01,7.797056e-01,2.040660e-01,6.967720e-02,5.504325e-01,7.306562e-01,6.826448e-01,7.470638e-01,3.211184e+00,3.760772e+00,3.538692e+00,4.689262e+00,4.753720e+00,4.632896e+00,3.193734e+00,3.397751e+00,4.390841e+00,4.840702e+00,4.929398e+00,4.959900e+00
f0109,6.128566e+01,9.222606e+01,9.196174e+01,6.415113e+01,5.887492e+01,4.715077e+01,7.091151e+01,9.080442e+01,8.175227e+01,5.050316e+01,7.087188e+01,6.205777e+01,2.418861e+01,2.008284e+01,1.787265e+01,2.171083e+01,2.262927e+01,2.073340e+01,2.234120e+01,1.986161e+01,1.949636e+01,2.136612e+01,2.027678e+01,2.097383e+01,5.830431e+01,8.670171e+01,7.469920e+01,1.099079e+02,1.104424e+02,1.174999e+02,5.110379e+01,6.825128e+01,8.469529e+01,1.045903e+02,1.124071e+02,1.276871e+02,2.264031e-01,3.696063e-01,3.729469e-01,5.107685e-01,3.339519e-01,5.755186e-01,3.362120e-01,3.308394e-01,5.300124e-01,5.478362e-01,6.380574e-01,7.679100e-01,4.074255e+00,4.575628e+00,3.798207e+00,5.069124e+00,5.148841e+00,5.097962e+00,3.927678e+00,4.643160e+00,4.053988e+00,4.793059e+00,4.445555e+00,5.552431e+00
f0110,7.319779e+01,9.432504e+01,7.529919e+01,9.558355e+01,1.060359e+02,1.264314e+02,7.713317e+01,9.211833e+01,8.609175e+01,1.069304e+02,1.151831e+02,1.079183e+02,2.638627e+01,2.190905e+01,1.798796e+01,1.922538e+01,1.979486e+01,2.056316e+01,2.543540e+01,2.136786e+01,1.790796e+01,1.937884e+01,2.304087e+01,2.104392e+01,5.407505e+01,6.819553e+01,5.956671e+01,1.034104e+02,1.178114e+02,1.562600e+02,5.089634e+01,6.135778e+01,6.500268e+01,1.038361e+02,1.617263e+02,1.837486e+02,-4.158923e-02,-1.721197e-01,-1.696580e-01,5.881869e-01,7.536629e-01,8.831238e-01,-6.869874e-02,-2.043759e-01,2.077377e-01,7.496048e-01,7.809507e-01,1.149210e+00,3.577871e+00,3.809395e+00,3.952231e+00,4.162829e+00,4.556233e+00,4.369016e+00,3.570375e+00,3.691867e+00,3.854905e+00,4.472502e+00,4.255921e+00,5.133416e+00
f0111,4.064053e+01,7.373950e+01,6.129785e+01,6.715686e+01,6.029412e+01,5.408497e+01,4.451920e+01,8.750333e+01,7.698358e+01,5.391201e+01,9.556134e+01,1.693638e+02,2.448384e+01,1.871638e+01,1.924072e+01,1.801674e+01,1.736362e+01,1.770571e+01,2.372479e+01,2.208231e+01,2.131602e+01,2.146588e+01,2.438828e+01,2.200157e+01,9.989627e+01,1.173965e+02,1.165208e+02,1.141746e+02,1.122814e+02,1.225259e+02,9.930364e+01,1.103494e+02,1.119798e+02,1.289494e+02,1.825429e+02,2.046241e+02,5.170993e-01,4.205428e-01,3.286084e-01,6.484828e-01,7.930145e-01,7.013382e-01,5.259619e-01,2.871215e-01,5.371867e-01,6.087006e-01,5.389971e-01,6.394970e-01,3.755621e+00,3.277735e+00,3.514717e+00,3.960983e+00,4.613447e+00,4.056547e+00,3.602662e+00,3.566760e+00,4.097240e+00,4.062497e+00,3.468244e+00,3.325621e+00
f0112,7.448180e+01,8.227562e+01,7.589719e+01,9.651935e+01,7.959275e+01,2.112068e+02,8.250556e+01,8.289833e+01,9.589400e+01,1.137183e+02,1.026565e+02,2.174955e+02,2.462432e+01,2.339034e+01,2.544991e+01,2.795813e+01,2.566551e+01,2.828633e+01,2.563880e+01,2.493232e+01,2.609861e+01,2.424523e+01,2.511598e+01,3.103256e+01,9.864172e+01,9.928022e+01,1.332769e+02,1.615630e+02,1.439661e+02,1.894552e+02,9.578169e+01,9.938797e+01,1.333192e+02,1.471867e+02,1.313180e+02,2.025539e+02,3.773720e-01,3.514001e-01,3.650025e-01,5.063981e-01,4.106149e-01,2.854508e-01,4.469437e-01,3.604207e-01,3.664530e-01,6.125283e-01,5.541960e-01,2.514879e-01,3.493459e+00,3.476581e+00,3.368266e+00,3.715575e+00,3.261549e+00,2.701082e+00,3.589005e+00,3.637209e+00,3.460972e+00,3.724333e+00,3.672203e+00,2.839615e+00
f0113,6.425901e+01,7.365175e+01,7.437885e+01,7.102481e+01,8.585407e+01,8.321826e+01,7.112058e+01,6.716279e+01,7.634500e+01,7.107508e+01,8.454985e+01,6.703867e+01,2.324531e+01,2.262330e+01,2.353072e+01,2.021196e+01,2.175323e+01,2.211162e+01,2.272792e+01,2.522840e+01,2.704104e+01,2.686976e+01,2.252284e+01,2.538395e+01,8.611192e+01,9.373916e+01,1.108295e+02,9.582992e+01,1.068382e+02,1.110073e+02,8.491094e+01,8.910058e+01,1.086126e+02,1.156209e+02,9.303255e+01,1.078413e+02,3.322197e-01,1.143760e-01,3.327764e-01,5.993899e-01,5.300042e-01,4.948027e-01,3.438155e-01,2.275988e-01,4.349755e-01,5.884996e-01,5.279145e-01,4.146105e-01,3.235865e+00,3.491251e+00,3.992666e+00,4.735084e+00,4.595743e+00,4.289302e+00,3.225955e+00,3.479419e+00,4.547806e+00,4.474731e+00,3.969327e+00,4.393972e+00
f0114,6.091968e+01,6.222995e+01,7.027567e+01,6.381778e+01,9.186039e+01,8.697011e+01,5.893373e+01,6.255349e+01,6.636686e+01,6.053317e+01,7.667849e+01,5.574071e+01,2.270082e+01,2.066712e+01,2.456768e+01,2.164890e+01,2.016935e+01,1.920190e+01,2.056185e+01,2.224759e+01,2.415608e+01,2.329103e+01,2.259459e+01,2.183964e+01,6.973806e+01,7.285254e+01,1.146358e+02,1.053205e+02,1.204869e+02,1.268075e+02,6.742898e+01,7.004774e+01,1.211767e+02,1.361335e+02,1.087792e+02,9.350471e+01,3.130699e-02,1.314764e-01,1.364776e-01,6.356934e-01,9.211059e-01,1.132737e+00,1.006134e-01,-1.300359e-03,6.749397e-01,8.709130e-01,6.320114e-01,6.123463e-01,3.699344e+00,3.713181e+00,4.503896e+00,4.558831e+00,5.195579e+00,5.819291e+00,3.328049e+00,3.550199e+00,4.351341e+00,4.591590e+00,3.963935e+00,4.384011e+00
