f0001,5.554578e+01,5.093867e+01,9.368326e+01,1.392201e+02,1.520750e+02,6.019958e+01,7.286773e+01,1.666369e+02,1.991005e+02,9.722964e+01,2.374286e+01,1.803283e+01,1.838395e+01,2.232703e+01,1.883926e+01,2.191407e+01,2.665971e+01,2.567582e+01,2.680186e+01,2.033388e+01,1.203876e+02,1.220470e+02,1.425922e+02,1.640938e+02,1.187408e+02,8.475471e+01,1.445113e+02,1.834880e+02,2.055985e+02,1.214822e+02,6.153153e-01,1.153833e+00,9.672339e-01,6.077143e-01,5.148960e-01,5.376192e-01,3.076281e-01,4.947904e-01,5.983665e-01,1.090979e+00,3.690577e+00,6.005162e+00,5.071017e+00,3.803267e+00,3.272546e+00,4.209834e+00,3.782613e+00,3.116892e+00,3.474048e+00,6.005666e+00
f0002,6.071941e+01,9.234355e+01,9.822286e+01,9.231447e+01,9.815911e+01,6.806010e+01,7.017831e+01,1.271350e+02,1.488628e+02,5.594178e+01,2.446540e+01,2.240988e+01,2.237202e+01,2.254245e+01,1.994196e+01,2.296274e+01,2.511529e+01,2.512327e+01,2.691376e+01,1.587135e+01,9.322212e+01,1.192225e+02,1.407408e+02,1.571255e+02,9.800405e+01,9.511403e+01,1.283579e+02,1.339960e+02,1.502492e+02,7.688192e+01,3.902475e-01,5.882093e-01,7.040310e-01,7.216089e-01,6.227110e-01,3.933313e-01,5.163366e-01,3.434051e-01,1.434332e-01,1.499139e+00,3.712562e+00,5.063205e+00,5.079806e+00,4.604424e+00,3.509617e+00,4.139214e+00,4.758260e+00,4.356047e+00,2.981035e+00,8.608111e+00
f0003,8.062430e+01,9.695906e+01,1.636236e+02,1.060589e+02,1.516792e+02,9.162139e+01,1.359146e+02,1.889761e+02,1.441024e+02,1.675763e+02,2.812705e+01,2.351314e+01,2.481211e+01,2.440597e+01,1.730184e+01,2.327794e+01,2.706317e+01,2.767709e+01,2.997387e+01,2.430299e+01,1.657714e+02,1.252627e+02,1.398677e+02,1.283217e+02,5.501961e+01,8.604220e+01,1.343882e+02,1.794804e+02,1.812276e+02,1.472681e+02,2.633280e-01,3.147676e-01,1.589250e-01,1.791411e-03,9.989773e-02,2.747027e-01,1.380651e-01,2.213849e-01,8.125631e-03,3.003120e-01,2.827274e+00,3.830194e+00,3.810711e+00,3.383929e+00,3.735139e+00,3.610401e+00,3.457373e+00,2.903140e+00,3.011859e+00,2.952595e+00
f0004,4.895728e+01,1.016082e+02,1.109636e+02,1.727578e+02,1.371598e+02,5.598081e+01,9.846336e+01,2.119537e+02,1.822178e+02,7.796893e+01,2.467054e+01,2.300548e+01,2.236594e+01,2.312745e+01,2.181352e+01,2.142792e+01,2.871722e+01,2.593005e+01,2.694072e+01,2.335718e+01,1.124669e+02,1.634694e+02,1.788879e+02,1.851711e+02,1.576745e+02,8.083892e+01,1.635867e+02,1.901735e+02,1.997408e+02,1.382078e+02,7.467621e-01,7.023055e-01,6.692132e-01,5.542719e-01,4.156491e-01,4.903971e-01,2.302147e-01,5.301820e-01,3.417902e-01,8.001613e-01,4.256717e+00,4.207658e+00,3.628710e+00,3.526516e+00,3.233929e+00,3.814951e+00,3.342009e+00,3.120562e+00,2.983069e+00,4.626109e+00
f0005,4.557622e+01,5.731091e+01,6.407859e+01,8.454053e+01,1.009226e+02,6.006787e+01,8.591329e+01,1.330353e+02,1.139627e+02,8.026474e+01,2.328724e+01,2.281596e+01,2.176252e+01,2.045605e+01,1.720578e+01,2.493912e+01,2.546159e+01,2.783043e+01,2.938079e+01,2.125614e+01,7.515375e+01,1.158513e+02,1.236542e+02,1.288414e+02,1.016143e+02,1.046004e+02,1.365027e+02,1.587732e+02,1.455184e+02,8.689513e+01,1.631529e-01,5.351932e-01,8.377067e-01,6.920943e-01,1.013022e+00,6.506815e-01,4.523815e-01,3.176387e-01,1.911672e-01,8.142794e-01,3.557275e+00,4.583842e+00,5.209529e+00,4.754434e+00,5.521472e+00,4.795686e+00,3.931832e+00,3.770603e+00,3.878192e+00,5.095722e+00
f0006,8.680014e+01,1.124210e+02,1.474457e+02,2.067591e+02,1.688975e+02,7.992016e+01,2.538542e+02,2.872631e+02,2.183737e+02,9.292400e+01,2.211060e+01,2.115067e+01,2.319064e+01,2.503676e+01,1.844076e+01,2.245630e+01,2.714779e+01,2.943067e+01,2.366078e+01,2.101478e+01,5.226584e+01,1.346327e+02,1.652777e+02,1.845121e+02,5.520770e+01,8.908651e+01,1.791432e+02,2.366869e+02,1.764680e+02,1.283925e+02,-5.336834e-02,8.119021e-01,4.981918e-01,2.173617e-01,-5.115057e-02,4.026813e-01,2.001897e-01,2.272370e-01,3.498977e-01,1.104333e+00,3.634864e+00,4.763882e+00,3.709651e+00,3.205888e+00,3.303391e+00,3.796517e+00,2.840552e+00,2.741507e+00,3.418832e+00,5.929628e+00
f0007,8.943606e+01,8.065423e+01,1.359610e+02,1.273423e+02,1.329558e+02,1.284621e+02,1.298818e+02,1.200932e+02,1.245608e+02,1.422742e+02,2.483598e+01,2.107211e+01,2.183861e+01,1.943379e+01,1.981856e+01,2.464017e+01,2.796150e+01,2.874116e+01,2.414546e+01,2.462712e+01,1.065572e+02,1.375388e+02,1.540869e+02,1.359964e+02,1.403087e+02,1.203580e+02,1.416890e+02,1.581408e+02,1.353338e+02,1.272269e+02,5.585802e-01,5.961183e-01,6.110255e-01,7.490884e-01,7.173219e-01,4.150753e-01,3.519078e-01,3.850679e-01,5.097087e-01,5.364297e-01,3.935616e+00,3.949417e+00,3.676386e+00,3.911237e+00,3.756369e+00,3.636805e+00,3.707746e+00,3.706583e+00,3.556630e+00,3.635200e+00
f0008,8.650823e+01,8.559165e+01,8.215085e+01,9.456773e+01,1.636452e+02,1.365089e+02,1.180303e+02,8.565972e+01,9.485322e+01,1.504751e+02,2.282723e+01,2.292866e+01,2.030797e+01,1.832912e+01,2.266017e+01,2.944929e+01,2.194486e+01,2.061507e+01,1.919238e+01,2.324139e+01,9.420663e+01,1.272953e+02,1.213441e+02,1.128191e+02,7.564910e+01,4.561294e+01,9.911570e+01,1.120128e+02,1.109163e+02,1.017766e+02,6.138878e-01,6.676568e-01,1.039063e+00,1.046335e+00,1.353080e-01,-2.582887e-01,5.190423e-01,8.092542e-01,9.290062e-01,2.583602e-01,3.848955e+00,5.032147e+00,5.884318e+00,5.708189e+00,4.539908e+00,3.375036e+00,4.226104e+00,4.985030e+00,5.481048e+00,3.525982e+00
f0009,5.804655e+01,8.188312e+01,1.099062e+02,1.508485e+02,1.831934e+02,6.397008e+01,6.913947e+01,1.080427e+02,1.202049e+02,9.143777e+01,2.734144e+01,2.078884e+01,2.333865e+01,2.168833e+01,1.868208e+01,2.564237e+01,2.572370e+01,2.629592e+01,2.579869e+01,2.353873e+01,1.170869e+02,1.239769e+02,1.485607e+02,1.578543e+02,1.175295e+02,1.193698e+02,1.463666e+02,1.884970e+02,1.630620e+02,1.145160e+02,3.946329e-01,5.253678e-01,4.230720e-01,6.718474e-01,9.605388e-01,6.035395e-01,5.612127e-01,4.918936e-01,5.329596e-01,6.172857e-01,3.580826e+00,3.978262e+00,3.761861e+00,4.008006e+00,4.955503e+00,3.970179e+00,3.684464e+00,3.041628e+00,3.682010e+00,3.618476e+00
f0010,9.995457e+01,1.234186e+02,9.232252e+01,1.086286e+02,1.118594e+02,9.810573e+01,1.003650e+02,9.289549e+01,9.964223e+01,9.951407e+01,2.396825e+01,3.043321e+01,2.721926e+01,2.943804e+01,3.005684e+01,2.746723e+01,2.446854e+01,2.817942e+01,2.980384e+01,2.713734e+01,9.094681e+01,1.232954e+02,8.964222e+01,1.627926e+02,1.227620e+02,9.013512e+01,1.084331e+02,1.020399e+02,1.698351e+02,9.956296e+01,4.188528e-01,1.739264e-01,4.830736e-01,5.151547e-01,4.130806e-02,2.434048e-01,4.121470e-01,2.834077e-01,3.875786e-01,1.780622e-01,3.473007e+00,3.427452e+00,3.780377e+00,3.955574e+00,3.425348e+00,3.999613e+00,3.513137e+00,3.680991e+00,3.561309e+00,4.386917e+00
f0011,8.236784e+01,9.949832e+01,1.283786e+02,1.633205e+02,1.606585e+02,7.846092e+01,1.015592e+02,1.162722e+02,1.142512e+02,1.178925e+02,2.544464e+01,2.115678e+01,2.125139e+01,2.188675e+01,2.164743e+01,2.434098e+01,2.358961e+01,2.400385e+01,2.346732e+01,2.159511e+01,1.001368e+02,1.252830e+02,1.359654e+02,1.404567e+02,1.118771e+02,9.447309e+01,1.372600e+02,1.482614e+02,1.296708e+02,1.153321e+02,4.404490e-01,4.598496e-01,3.808186e-01,3.684451e-01,4.272790e-01,4.358703e-01,3.658783e-01,3.336309e-01,3.263643e-01,5.853532e-01,3.745759e+00,3.990485e+00,3.365038e+00,3.304128e+00,4.052358e+00,4.034868e+00,3.449196e+00,3.466837e+00,3.584906e+00,4.196752e+00
f0012,6.723559e+01,5.683424e+01,5.995364e+01,1.168268e+02,8.119968e+01,6.749750e+01,7.846803e+01,7.543209e+01,1.114178e+02,9.241284e+01,2.349974e+01,2.134034e+01,2.159087e+01,2.131694e+01,1.852908e+01,2.255259e+01,1.979966e+01,2.321561e+01,2.014973e+01,2.112365e+01,9.332784e+01,1.148903e+02,1.364388e+02,1.293747e+02,1.100925e+02,1.040005e+02,1.245310e+02,1.557186e+02,1.360490e+02,1.135871e+02,4.223215e-01,5.477333e-01,4.644357e-01,4.292323e-01,6.865994e-01,6.518697e-01,8.921232e-01,6.136806e-01,6.307645e-01,5.146542e-01,3.887839e+00,4.724901e+00,3.360045e+00,3.446143e+00,4.188311e+00,4.002386e+00,4.723327e+00,4.772345e+00,4.007512e+00,4.670387e+00
f0013,7.589405e+01,8.834706e+01,1.852681e+02,1.809451e+02,1.490791e+02,6.599866e+01,1.278397e+02,1.742685e+02,1.828436e+02,5.804469e+01,2.225702e+01,2.221551e+01,2.485836e+01,2.504841e+01,2.222984e+01,2.383477e+01,2.177639e+01,2.552295e+01,2.348652e+01,2.016637e+01,9.711959e+01,1.349496e+02,1.775462e+02,1.795573e+02,1.250359e+02,1.006217e+02,1.231297e+02,1.712634e+02,1.554589e+02,1.021659e+02,4.572374e-01,7.109513e-01,5.669580e-01,4.234917e-01,5.020194e-01,4.825958e-01,3.973586e-01,3.500058e-01,4.239942e-01,9.372568e-01,3.521499e+00,4.745323e+00,4.105460e+00,3.995719e+00,4.009563e+00,4.049124e+00,3.740395e+00,3.119523e+00,3.469122e+00,6.189228e+00
f0014,5.315193e+01,7.879102e+01,1.667139e+02,1.629222e+02,1.335562e+02,4.164265e+01,1.029000e+02,1.730464e+02,1.895504e+02,1.314550e+02,2.451587e+01,2.342198e+01,2.301023e+01,2.214255e+01,2.018347e+01,2.305175e+01,2.524572e+01,2.568534e+01,2.727489e+01,2.357125e+01,1.037724e+02,1.599439e+02,1.707541e+02,2.009351e+02,1.463179e+02,9.619817e+01,1.710350e+02,2.466652e+02,2.502648e+02,1.611599e+02,5.159510e-01,5.156710e-01,7.076833e-01,7.145176e-01,7.785131e-01,7.775356e-01,5.829636e-01,6.762013e-01,7.842917e-01,8.362725e-01,4.148570e+00,3.579443e+00,3.985384e+00,3.441088e+00,4.289079e+00,4.619233e+00,3.379885e+00,3.309882e+00,3.850013e+00,5.004085e+00
f0015,5.150874e+01,8.261524e+01,1.035046e+02,1.676748e+02,1.238758e+02,3.789928e+01,5.884509e+01,8.047259e+01,1.463932e+02,4.139266e+01,2.405082e+01,2.128636e+01,2.307671e+01,2.041315e+01,1.904579e+01,2.053172e+01,2.172492e+01,2.152335e+01,2.230087e+01,1.643909e+01,1.085985e+02,1.310884e+02,1.782853e+02,1.549433e+02,8.886937e+01,8.385924e+01,1.358949e+02,1.542493e+02,1.838399e+02,9.337438e+01,4.241033e-01,9.388801e-01,7.229740e-01,7.662565e-01,2.990650e-01,8.137875e-01,8.826693e-01,1.174362e+00,7.937023e-01,1.519246e+00,3.339041e+00,5.478452e+00,4.087708e+00,3.739481e+00,3.606338e+00,5.062907e+00,5.264622e+00,6.785160e+00,3.827516e+00,9.281337e+00
f0016,6.211604e+01,9.923540e+01,2.180529e+02,2.072724e+02,1.832956e+02,1.091352e+02,1.381372e+02,1.245677e+02,1.421505e+02,1.630792e+02,2.420889e+01,2.062201e+01,2.388234e+01,2.609454e+01,2.192826e+01,2.429150e+01,2.158028e+01,2.310562e+01,2.485839e+01,2.360271e+01,8.661431e+01,1.129308e+02,1.609788e+02,2.050111e+02,1.107534e+02,1.114773e+02,1.392191e+02,1.537068e+02,1.614286e+02,9.685762e+01,2.555226e-01,7.795172e-01,3.510074e-01,2.749940e-01,1.418270e-01,6.604581e-01,4.389264e-01,4.095254e-01,2.727116e-01,-3.778466e-02,3.201759e+00,4.579030e+00,3.428098e+00,2.654781e+00,3.378476e+00,4.190275e+00,3.151012e+00,3.422539e+00,3.338257e+00,3.603323e+00
f0017,0,0,0,0,0,0,0,0,0,0,0,0,0,0,0,0,0,0,0,0,0,0,0,0,0,0,0,0,0,0,0,0,0,0,0,0,0,0,0,0,0,0,0,0,0,0,0,0,0,0
f0018,5.247510e+01,6.641008e+01,7.370310e+01,6.385687e+01,7.292929e+01,5.748235e+01,6.627683e+01,5.078545e+01,5.062016e+01,4.303217e+01,2.136261e+01,2.182849e+01,2.438808e+01,1.861880e+01,1.590276e+01,2.312003e+01,3.093128e+01,2.901357e+01,2.599619e+01,2.931980e+01,8.265985e+01,1.149767e+02,1.326457e+02,1.375025e+02,9.604299e+01,7.762092e+01,9.030670e+01,8.370166e+01,8.582525e+01,8.624380e+01,2.799964e-01,8.248258e-01,3.511749e-01,9.875269e-01,9.676899e-01,2.646894e-01,-9.916510e-02,1.164169e-01,3.604936e-02,2.045956e-01,3.638991e+00,4.713530e+00,4.371189e+00,5.111813e+00,5.392876e+00,3.677698e+00,5.446714e+00,4.612610e+00,3.827558e+00,4.727627e+00
f0019,6.097601e+01,1.131794e+02,1.031412e+02,1.140774e+02,1.048214e+02,6.482109e+01,9.559404e+01,1.559156e+02,1.583226e+02,7.904714e+01,2.502995e+01,2.401211e+01,2.157391e+01,2.205902e+01,1.809726e+01,2.230015e+01,2.325323e+01,2.488985e+01,2.450103e+01,2.095919e+01,6.921276e+01,1.594143e+02,1.700053e+02,1.893761e+02,8.496194e+01,8.644466e+01,1.663867e+02,2.067528e+02,2.052293e+02,1.419005e+02,-1.547226e-02,4.852779e-01,7.366939e-01,7.156830e-01,3.906849e-01,4.549121e-01,8.079797e-01,7.499084e-01,6.599635e-01,7.394071e-01,3.747230e+00,3.360640e+00,3.669094e+00,3.854506e+00,4.061178e+00,4.053893e+00,4.567524e+00,3.714345e+00,3.033247e+00,4.868141e+00
f0020,5.334147e+01,6.620396e+01,5.710635e+01,7.038042e+01,9.322898e+01,5.922531e+01,6.205957e+01,7.404866e+01,6.161625e+01,7.854165e+01,2.462921e+01,2.012851e+01,2.162969e+01,2.290778e+01,2.101376e+01,2.337216e+01,2.210133e+01,2.531023e+01,2.312457e+01,2.289283e+01,9.797586e+01,1.158190e+02,1.292229e+02,1.437724e+02,1.139269e+02,1.084763e+02,1.328655e+02,1.351170e+02,1.298359e+02,1.203507e+02,4.858620e-01,8.864598e-01,7.113498e-01,5.235461e-01,6.898821e-01,5.109982e-01,7.705492e-01,6.961148e-01,6.268532e-01,5.477135e-01,3.905588e+00,5.149756e+00,5.243239e+00,4.404188e+00,4.454830e+00,3.707928e+00,4.254595e+00,4.941935e+00,4.312199e+00,3.946530e+00
f0021,6.850937e+01,6.948247e+01,7.702877e+01,9.731978e+01,1.032688e+02,6.093169e+01,8.117036e+01,2.320259e+02,1.143427e+02,1.009903e+02,2.199349e+01,2.084946e+01,2.156274e+01,2.127762e+01,1.845626e+01,2.298890e+01,2.538845e+01,2.503884e+01,2.470268e+01,1.977414e+01,6.690693e+01,1.248444e+02,1.518331e+02,1.798985e+02,1.026470e+02,9.573717e+01,1.496680e+02,1.729357e+02,1.716777e+02,7.073723e+01,1.841041e-01,8.693379e-01,6.604516e-01,6.628650e-01,5.063386e-01,4.740824e-01,1.582188e-01,2.887822e-01,3.211495e-01,6.150308e-01,3.963917e+00,5.262195e+00,4.632098e+00,4.016642e+00,4.409747e+00,3.860423e+00,3.064209e+00,2.926573e+00,3.112313e+00,6.176541e+00
f0022,1.057221e+02,1.187778e+02,1.211017e+02,1.046385e+02,1.747506e+02,1.023009e+02,1.683964e+02,1.392648e+02,1.493678e+02,1.282271e+02,2.408087e+01,2.287433e+01,2.475378e+01,2.714980e+01,2.362191e+01,2.539103e+01,2.449974e+01,2.703729e+01,2.770441e+01,2.381072e+01,6.742704e+01,1.159151e+02,1.452135e+02,1.613497e+02,1.418480e+02,1.242985e+02,1.345396e+02,1.446815e+02,1.536466e+02,1.320024e+02,1.211627e-01,2.787625e-01,3.687552e-01,2.165298e-01,3.369213e-01,3.394670e-01,3.640081e-01,1.818189e-01,2.617114e-01,4.991469e-01,3.240999e+00,3.626126e+00,3.632358e+00,3.550910e+00,3.043847e+00,3.092147e+00,3.160093e+00,3.501945e+00,3.591609e+00,3.573411e+00
f0023,5.826120e+01,1.069983e+02,2.101397e+02,2.081528e+02,2.117697e+02,6.316373e+01,1.339578e+02,2.374711e+02,2.116132e+02,1.364952e+02,2.158587e+01,2.283490e+01,2.517462e+01,2.512658e+01,2.226848e+01,2.430758e+01,2.678457e+01,2.546381e+01,2.794066e+01,2.111930e+01,5.920135e+01,1.231376e+02,1.601464e+02,1.892365e+02,1.250491e+02,1.128596e+02,1.607366e+02,1.756391e+02,1.851405e+02,1.142065e+02,4.372405e-01,4.609283e-01,3.534941e-01,4.046442e-01,3.845933e-01,6.949052e-01,2.124483e-01,3.425293e-01,2.889894e-01,5.015275e-01,4.464080e+00,4.255117e+00,4.198830e+00,4.473463e+00,3.384603e+00,4.320762e+00,3.522988e+00,3.357735e+00,3.125326e+00,3.831851e+00
f0024,4.421805e+01,9.004514e+01,1.039516e+02,1.116917e+02,1.108222e+02,5.562661e+01,1.269013e+02,1.670604e+02,1.189386e+02,8.859749e+01,2.324249e+01,2.266461e+01,2.581242e+01,2.216784e+01,2.253845e+01,2.461374e+01,2.726467e+01,2.606559e+01,2.541143e+01,2.187439e+01,9.814462e+01,1.376640e+02,1.716068e+02,1.821429e+02,1.387123e+02,1.090982e+02,1.611152e+02,1.678303e+02,1.916237e+02,1.119214e+02,5.555880e-01,7.358287e-01,4.773553e-01,7.857991e-01,5.719743e-01,4.596394e-01,3.287322e-01,4.290653e-01,4.842729e-01,7.380184e-01,3.765726e+00,4.209991e+00,3.972874e+00,3.437767e+00,3.516234e+00,3.617537e+00,3.542997e+00,3.584884e+00,3.029213e+00,3.925249e+00
f0025,3.646756e+01,5.926551e+01,8.400000e+01,9.405483e+01,1.325267e+02,5.355515e+01,5.581361e+01,1.007760e+02,8.408591e+01,8.360598e+01,2.285850e+01,2.084071e+01,2.199367e+01,2.060735e+01,2.033489e+01,2.400346e+01,2.526646e+01,2.590922e+01,2.757362e+01,2.237222e+01,9.147385e+01,1.545680e+02,1.831112e+02,1.867058e+02,1.361553e+02,1.011909e+02,1.543694e+02,2.047659e+02,2.042264e+02,1.248131e+02,7.788892e-01,8.339582e-01,8.004420e-01,9.603840e-01,6.689083e-01,6.362429e-01,7.084164e-01,7.430896e-01,4.956709e-01,6.537642e-01,4.327461e+00,4.193111e+00,3.968147e+00,4.596278e+00,3.740921e+00,4.503150e+00,3.669072e+00,3.281300e+00,3.093951e+00,3.596051e+00
f0026,1.035534e+02,160,1.142857e+02,1.314286e+02,1.142857e+02,8.178945e+01,1.559880e+02,5.697817e+01,8.134339e+01,9.004159e+01,3.262184e+01,1.890378e+01,2.707135e+01,1.817339e+01,2.286578e+01,2.662272e+01,3.227628e+01,2.962197e+01,2.589804e+01,2.656765e+01,1.391532e+02,1.287957e+02,2.092659e+02,1.318488e+02,1.416341e+02,8.912846e+01,2.817343e+02,2.276383e+02,1.298393e+02,1.363567e+02,2.388695e-01,2.878590e-01,7.918669e-02,4.450467e-01,3.794894e-01,3.144170e-01,4.121168e-01,5.666454e-01,9.027275e-01,7.704331e-01,3.620565e+00,2.816549e+00,2.741437e+00,2.798878e+00,3.533030e+00,3.374245e+00,2.476078e+00,2.754520e+00,4.221044e+00,4.098171e+00
f0027,6.161245e+01,7.502603e+01,1.016523e+02,1.243516e+02,1.596068e+02,1.389171e+02,1.211106e+02,9.000366e+01,9.002971e+01,1.244337e+02,2.499927e+01,2.315366e+01,2.337390e+01,2.148426e+01,2.034717e+01,2.164055e+01,2.555912e+01,2.727290e+01,2.579571e+01,2.266199e+01,5.401656e+01,1.015941e+02,9.845927e+01,1.102870e+02,9.592648e+01,8.791761e+01,9.452889e+01,1.072695e+02,1.159678e+02,7.582456e+01,-1.447414e-01,2.610244e-01,2.777164e-01,2.272117e-01,3.230546e-01,3.838757e-01,1.307361e-01,1.090673e-01,2.193865e-01,3.454919e-02,3.625972e+00,4.295497e+00,4.132587e+00,3.645038e+00,3.357393e+00,3.527223e+00,3.639448e+00,4.043792e+00,3.708403e+00,3.589145e+00
f0028,7.339471e+01,5.913056e+01,8.917837e+01,1.194509e+02,1.337059e+02,6.490855e+01,1.117403e+02,1.601058e+02,1.082820e+02,5.077423e+01,2.269032e+01,2.392822e+01,2.246743e+01,2.022066e+01,1.962486e+01,2.249278e+01,2.508958e+01,2.790707e+01,2.645831e+01,2.187025e+01,6.387138e+01,1.229589e+02,1.390490e+02,1.403499e+02,1.165290e+02,1.104861e+02,1.490979e+02,2.002349e+02,1.614573e+02,1.282200e+02,4.082996e-01,5.356664e-01,6.011218e-01,6.223089e-01,2.585650e-01,7.266326e-01,3.953486e-01,3.222469e-01,3.720080e-01,1.023387e+00,3.611632e+00,4.795732e+00,4.578247e+00,3.861254e+00,2.969153e+00,4.158477e+00,3.500974e+00,2.935157e+00,3.529810e+00,5.631587e+00
f0029,9.884981e+01,1.100612e+02,1.174686e+02,1.018105e+02,1.176174e+02,1.250728e+02,1.054339e+02,9.324353e+01,1.363784e+02,1.302265e+02,2.663210e+01,2.113571e+01,2.320182e+01,2.076390e+01,1.967941e+01,2.459154e+01,2.086739e+01,2.241764e+01,2.617449e+01,2.251032e+01,9.146298e+01,1.178625e+02,1.320876e+02,1.158146e+02,1.205885e+02,1.139132e+02,1.186746e+02,1.279993e+02,1.427892e+02,1.207291e+02,1.696046e-01,4.345043e-01,3.144312e-01,6.109885e-01,5.514875e-01,4.044762e-01,4.121646e-01,3.617896e-01,1.226043e-01,1.621044e-01,3.324977e+00,3.831383e+00,3.794543e+00,4.420540e+00,3.791625e+00,3.224364e+00,3.535950e+00,3.589627e+00,3.644817e+00,2.949199e+00
f0030,7.375984e+01,7.649660e+01,7.863946e+01,1.850680e+02,1.667234e+02,8.262819e+01,1.370133e+02,1.275241e+02,1.089505e+02,6.093099e+01,2.334743e+01,1.868555e+01,2.087588e+01,2.369283e+01,1.940647e+01,2.053968e+01,2.691413e+01,2.473846e+01,2.772298e+01,2.375309e+01,5.838373e+01,1.028227e+02,1.260899e+02,1.806839e+02,1.314358e+02,9.568944e+01,1.544435e+02,1.991819e+02,2.225216e+02,1.238486e+02,-5.148725e-03,8.165967e-01,5.457099e-01,5.905447e-01,3.901801e-01,5.142539e-01,4.179198e-01,5.466392e-01,5.344473e-01,7.654804e-01,3.737554e+00,4.869936e+00,3.960381e+00,3.543508e+00,3.475655e+00,3.533799e+00,3.164656e+00,3.227004e+00,2.871716e+00,4.971341e+00
f0031,5.034370e+01,5.116902e+01,7.453504e+01,1.252006e+02,2.073495e+02,4.913499e+01,1.235954e+02,1.531561e+02,1.786119e+02,4.970852e+01,2.637064e+01,2.327229e+01,2.278405e+01,2.471254e+01,2.018429e+01,2.636614e+01,3.093207e+01,2.812324e+01,2.806942e+01,2.257343e+01,1.337812e+02,1.181475e+02,1.345291e+02,1.414541e+02,1.129868e+02,1.341684e+02,1.550297e+02,1.577212e+02,1.609883e+02,1.111580e+02,5.005477e-01,4.881419e-01,3.729519e-01,1.658847e-01,6.198203e-01,5.819081e-01,3.199591e-02,1.654809e-01,1.572106e-01,6.234878e-01,3.539698e+00,5.123095e+00,3.669166e+00,2.989045e+00,4.073566e+00,4.224099e+00,3.215048e+00,2.973692e+00,2.915943e+00,4.341511e+00
f0032,1.115065e+02,1.857143e+02,1.809524e+02,1.666667e+02,1.761905e+02,1.011897e+02,6.884295e+01,1.217681e+02,1.752479e+02,1.513740e+02,2.208735e+01,2.366885e+01,1.993809e+01,1.735109e+01,1.879843e+01,2.393545e+01,2.660845e+01,3.177507e+01,2.918312e+01,2.510190e+01,7.038527e+01,9.633251e+01,1.028111e+02,1.142956e+02,1.286149e+02,8.049393e+01,1.252909e+02,1.847286e+02,9.753967e+01,9.098677e+01,1.312835e-01,7.238606e-03,1.278607e-01,4.477736e-01,5.435201e-01,2.160235e-01,5.163397e-01,4.368119e-01,-7.019472e-02,-4.300989e-02,3.050260e+00,2.807210e+00,2.368327e+00,2.609162e+00,2.880241e+00,3.278955e+00,4.177318e+00,4.073688e+00,4.435244e+00,3.057787e+00
f0033,5.809986e+01,6.264550e+01,9.240741e+01,2.044841e+02,1.528307e+02,6.048654e+01,1.148756e+02,2.183737e+02,1.780725e+02,1.280179e+02,2.340394e+01,1.871422e+01,2.282868e+01,2.448463e+01,1.979688e+01,2.184509e+01,2.461986e+01,2.677114e+01,2.749430e+01,2.215341e+01,7.714054e+01,1.043120e+02,1.411952e+02,1.934998e+02,1.079970e+02,9.770177e+01,1.451482e+02,1.932808e+02,2.162481e+02,9.562874e+01,4.131592e-01,1.007681e+00,6.158122e-01,4.181886e-01,4.516593e-01,6.086174e-01,3.995320e-01,3.406496e-01,3.525079e-01,5.815633e-01,3.930609e+00,5.646619e+00,4.445019e+00,3.052979e+00,3.590757e+00,3.784293e+00,3.391218e+00,3.011246e+00,2.781251e+00,4.209448e+00
f0034,8.633571e+01,8.722222e+01,2.111905e+02,2.334921e+02,1.497619e+02,6.357260e+01,5.896212e+01,1.559070e+02,1.032687e+02,9.454722e+01,2.639425e+01,2.140800e+01,2.455585e+01,2.594506e+01,3.297137e+01,2.987358e+01,2.916983e+01,3.002730e+01,3.131093e+01,2.933738e+01,8.695792e+01,1.001332e+02,1.785440e+02,1.649645e+02,9.223958e+01,9.081057e+01,1.062079e+02,1.001725e+02,4.900929e+01,7.559145e+01,2.186700e-01,5.619470e-02,2.869661e-01,1.269130e-01,-7.760501e-02,5.371305e-02,-2.836902e-01,3.316864e-01,-2.762579e-01,-2.805903e-01,3.293984e+00,3.302185e+00,3.084295e+00,2.795904e+00,3.528347e+00,4.245779e+00,3.075518e+00,3.614185e+00,4.233995e+00,3.677313e+00
f0035,8.879743e+01,1.096892e+02,1.143200e+02,1.455722e+02,2.171310e+02,7.671075e+01,9.324035e+01,1.265813e+02,1.252553e+02,1.264948e+02,2.415724e+01,2.302586e+01,2.408597e+01,2.355650e+01,2.101254e+01,2.288023e+01,2.964448e+01,2.735882e+01,2.809150e+01,2.494148e+01,6.100540e+01,1.236019e+02,1.472853e+02,1.391724e+02,1.207354e+02,8.293962e+01,1.721047e+02,1.483838e+02,1.517969e+02,1.158712e+02,-5.833429e-02,3.220576e-01,3.191662e-01,3.033236e-01,3.880190e-01,2.727058e-01,4.083581e-01,3.391150e-01,1.521647e-01,4.059764e-01,3.585605e+00,3.766131e+00,3.463100e+00,3.178187e+00,3.619051e+00,3.592494e+00,3.398902e+00,3.375489e+00,3.098226e+00,3.310304e+00
f0036,5.178107e+01,6.418674e+01,1.534589e+02,1.767392e+02,1.130433e+02,4.905972e+01,1.097959e+02,1.870694e+02,1.043489e+02,7.144096e+01,2.410750e+01,2.218873e+01,2.362756e+01,2.463759e+01,2.185950e+01,2.835788e+01,2.757190e+01,3.022686e+01,2.753658e+01,2.201723e+01,1.103751e+02,1.256303e+02,1.378569e+02,1.575507e+02,1.362982e+02,1.495071e+02,1.381271e+02,1.623072e+02,1.520241e+02,1.192846e+02,5.350118e-01,4.076772e-01,2.907823e-01,1.116696e-01,5.947733e-01,4.584879e-01,7.876656e-02,5.633419e-02,4.971061e-02,6.739401e-01,3.421721e+00,3.999374e+00,4.070820e+00,3.020707e+00,4.180636e+00,3.840077e+00,3.483067e+00,3.356656e+00,3.128309e+00,4.484734e+00
f0037,5.988451e+01,8.345209e+01,7.471608e+01,1.105378e+02,7.764674e+01,6.657067e+01,9.743495e+01,1.758615e+02,8.495439e+01,7.828509e+01,2.286016e+01,2.123629e+01,2.362087e+01,2.112318e+01,1.731100e+01,2.279180e+01,2.582397e+01,2.738467e+01,2.513379e+01,2.379834e+01,1.106761e+02,1.532550e+02,1.834130e+02,1.640692e+02,1.199804e+02,8.796943e+01,1.557986e+02,1.929721e+02,1.925011e+02,1.269005e+02,7.319655e-01,6.575524e-01,4.900046e-01,6.666664e-01,8.421980e-01,5.763029e-01,3.603702e-01,3.142385e-01,4.902054e-01,7.811942e-01,3.792695e+00,3.805621e+00,3.540430e+00,3.833747e+00,4.726447e+00,4.181857e+00,3.207266e+00,3.008254e+00,3.394663e+00,4.487428e+00
f0038,8.294725e+01,8.872738e+01,1.759933e+02,1.763843e+02,1.308213e+02,7.043049e+01,1.500557e+02,1.899310e+02,2.038171e+02,5.577198e+01,2.399708e+01,2.199649e+01,2.431444e+01,2.434600e+01,2.131896e+01,2.133604e+01,2.517821e+01,2.200164e+01,2.503194e+01,2.412727e+01,8.222188e+01,1.265756e+02,1.816055e+02,1.807497e+02,1.067310e+02,9.573010e+01,1.694923e+02,1.703750e+02,1.858655e+02,1.284504e+02,3.884376e-01,6.682556e-01,6.644519e-01,7.866194e-01,7.203738e-01,7.286842e-01,6.565579e-01,8.563461e-01,7.108875e-01,8.743620e-01,4.197241e+00,4.090229e+00,3.543464e+00,4.374234e+00,4.246963e+00,4.489374e+00,3.806964e+00,4.321034e+00,4.043472e+00,5.166053e+00
f0039,4.914467e+01,7.903946e+01,1.094937e+02,1.957160e+02,1.978935e+02,6.714964e+01,1.295550e+02,1.811277e+02,2.419263e+02,1.443572e+02,2.652158e+01,2.263480e+01,2.257503e+01,2.386900e+01,1.986971e+01,2.298099e+01,2.423539e+01,2.924007e+01,2.589287e+01,2.595097e+01,9.575297e+01,1.284589e+02,1.686588e+02,1.930650e+02,1.414587e+02,1.127232e+02,1.474588e+02,1.967141e+02,1.757210e+02,1.353815e+02,4.112499e-01,4.582438e-01,5.792522e-01,5.626523e-01,7.037508e-01,6.589483e-01,5.005563e-01,3.314410e-01,4.450218e-01,4.945210e-01,3.422964e+00,3.726280e+00,3.641191e+00,3.641350e+00,3.373243e+00,3.896444e+00,3.255511e+00,3.334209e+00,2.936654e+00,3.952009e+00
f0040,1.210583e+02,1.473214e+02,9.285714e+01,1.053571e+02,1.504464e+02,1.137557e+02,8.426782e+01,1.311147e+02,1.232726e+02,1.669539e+02,2.654246e+01,2.075302e+01,2.476402e+01,1.925339e+01,1.956015e+01,2.938851e+01,2.304744e+01,2.123866e+01,1.841717e+01,1.816134e+01,9.061044e+01,1.432309e+02,1.496252e+02,1.117869e+02,1.189390e+02,8.192499e+01,1.362238e+02,1.493376e+02,1.024616e+02,1.028820e+02,3.608704e-01,2.280196e-01,2.242939e-01,7.620998e-01,4.777229e-01,1.495437e-01,5.950453e-01,4.598985e-01,7.055431e-01,6.453839e-01,3.597516e+00,3.350487e+00,3.855064e+00,4.539878e+00,4.141472e+00,4.367482e+00,3.638433e+00,2.990388e+00,4.000362e+00,4.108353e+00
f0041,9.874216e+01,1.120631e+02,1.191747e+02,1.069135e+02,1.083856e+02,1.003778e+02,1.159879e+02,1.029626e+02,1.146499e+02,1.345961e+02,2.422607e+01,2.194876e+01,2.267020e+01,2.261997e+01,2.040096e+01,2.521342e+01,2.240788e+01,2.464707e+01,2.261389e+01,2.250011e+01,8.324248e+01,1.162309e+02,1.254719e+02,1.305394e+02,1.263657e+02,8.769753e+01,1.104435e+02,1.383754e+02,1.300500e+02,1.321218e+02,1.850444e-01,3.197407e-01,3.100587e-01,4.896247e-01,5.612540e-01,1.099195e-01,4.102995e-01,3.324652e-01,3.098999e-01,3.875837e-01,3.726663e+00,3.757187e+00,3.828541e+00,3.988280e+00,4.013208e+00,3.754854e+00,4.074534e+00,3.600817e+00,3.607320e+00,3.593417e+00
f0042,9.319196e+01,1.397130e+02,1.172989e+02,1.441928e+02,1.649834e+02,1.029347e+02,1.082738e+02,1.515760e+02,1.439803e+02,1.471782e+02,2.507165e+01,2.139344e+01,2.116497e+01,2.098591e+01,1.953494e+01,2.464329e+01,2.614780e+01,2.987074e+01,2.884679e+01,2.762698e+01,1.248473e+02,1.380895e+02,1.387532e+02,1.224738e+02,8.429538e+01,8.397670e+01,1.572798e+02,1.859645e+02,1.768392e+02,1.604848e+02,5.748832e-01,7.316053e-01,5.638466e-01,4.111520e-01,2.571546e-01,3.463874e-01,3.356062e-01,2.544534e-01,2.459223e-01,2.648906e-01,3.544342e+00,3.887360e+00,3.728955e+00,3.586297e+00,3.618024e+00,3.711716e+00,3.343777e+00,3.317727e+00,3.445674e+00,3.211151e+00
f0043,8.052711e+01,9.806984e+01,7.340794e+01,9.060476e+01,8.568730e+01,8.507331e+01,8.820952e+01,9.988413e+01,8.422857e+01,1.022349e+02,2.397327e+01,2.127525e+01,2.232989e+01,2.054127e+01,2.094272e+01,2.341010e+01,2.127685e+01,2.218548e+01,2.027175e+01,1.955814e+01,1.275369e+02,1.241308e+02,1.237861e+02,1.177147e+02,1.334421e+02,1.149901e+02,1.271540e+02,1.358226e+02,1.220873e+02,1.297300e+02,4.373714e-01,3.585079e-01,3.760894e-01,4.775389e-01,5.310178e-01,5.404887e-01,4.143219e-01,4.264605e-01,4.830391e-01,5.429612e-01,3.559809e+00,3.787515e+00,3.962328e+00,3.763850e+00,3.903916e+00,3.910935e+00,3.868541e+00,4.076588e+00,3.928834e+00,3.518057e+00
f0044,4.366187e+01,1.071123e+02,1.230667e+02,1.409524e+02,1.461070e+02,4.767785e+01,1.323103e+02,1.889448e+02,1.627422e+02,1.071746e+02,2.382161e+01,2.339974e+01,2.393398e+01,2.496208e+01,2.017243e+01,2.437371e+01,2.548081e+01,2.620484e+01,2.899267e+01,2.105100e+01,1.040618e+02,1.784690e+02,2.033184e+02,2.523459e+02,1.867606e+02,1.144194e+02,1.860879e+02,2.421713e+02,2.459704e+02,1.694805e+02,6.733069e-01,5.778090e-01,6.023859e-01,4.772178e-01,8.250255e-01,5.713345e-01,5.304680e-01,4.498476e-01,4.654979e-01,7.517584e-01,4.326293e+00,3.443211e+00,3.109368e+00,2.677473e+00,3.485899e+00,3.819796e+00,2.993269e+00,2.677185e+00,2.965947e+00,3.321864e+00
f0045,8.459380e+01,7.206425e+01,7.042627e+01,1.048398e+02,1.068073e+02,8.469284e+01,6.454275e+01,9.695946e+01,1.231440e+02,9.244517e+01,2.344002e+01,2.218518e+01,2.576033e+01,2.520970e+01,2.251005e+01,2.426704e+01,2.652047e+01,3.084406e+01,3.091380e+01,2.582928e+01,7.091350e+01,1.188983e+02,1.548959e+02,1.783499e+02,1.428706e+02,1.146937e+02,1.502364e+02,1.905810e+02,1.933303e+02,1.121781e+02,1.184018e-01,6.847810e-01,3.860957e-01,3.741588e-01,5.178589e-01,6.459262e-01,3.425542e-01,2.339027e-01,2.005251e-01,5.572299e-01,3.585298e+00,4.541287e+00,4.272603e+00,3.292595e+00,3.765558e+00,3.721300e+00,3.026063e+00,3.296170e+00,2.815609e+00,4.370420e+00
f0046,8.543451e+01,8.925876e+01,7.694463e+01,8.962194e+01,1.144731e+02,9.078448e+01,7.403725e+01,6.352815e+01,6.955416e+01,9.983581e+01,2.353138e+01,2.059500e+01,2.313688e+01,2.332243e+01,2.518382e+01,2.243775e+01,2.478657e+01,2.319518e+01,2.287368e+01,2.215890e+01,8.321145e+01,1.003503e+02,1.190901e+02,1.056269e+02,7.144300e+01,8.400036e+01,1.033357e+02,1.102240e+02,1.197184e+02,9.247055e+01,3.732034e-01,8.527788e-01,9.004869e-01,4.021262e-01,-4.972801e-02,4.707374e-01,6.718423e-01,7.883455e-01,9.777534e-01,2.956748e-01,3.557410e+00,5.599219e+00,6.400537e+00,4.891885e+00,3.480684e+00,3.899407e+00,5.068915e+00,5.791845e+00,6.000663e+00,4.090863e+00
f0047,1.815060e+02,1.104247e+02,7.335907e+01,5.945946e+01,2.903475e+02,1.994192e+02,6.703132e+01,6.293436e+01,1.004612e+02,2.434470e+02,2.952460e+01,2.237948e+01,2.176961e+01,1.913499e+01,1.628302e+01,2.290988e+01,2.012686e+01,2.192574e+01,2.146313e+01,2.134961e+01,4.536562e+01,1.208158e+02,1.244417e+02,1.487265e+02,5.173333e+01,8.558969e+01,1.083488e+02,1.603222e+02,2.079023e+02,9.865840e+01,-5.512172e-01,1.988069e-01,4.147917e-01,9.347142e-01,-2.449066e-01,7.322405e-02,5.322127e-01,7.728653e-01,8.888915e-01,-1.200321e-01,3.588432e+00,3.780020e+00,4.003397e+00,4.599449e+00,3.786067e+00,2.921540e+00,3.758735e+00,3.947382e+00,3.743363e+00,2.881026e+00
f0048,4.494184e+01,7.359202e+01,1.086272e+02,1.419525e+02,1.382529e+02,4.774042e+01,7.348301e+01,1.554592e+02,1.201758e+02,1.128832e+02,2.378024e+01,2.236833e+01,2.390402e+01,2.323557e+01,2.040941e+01,2.349682e+01,2.371056e+01,2.503164e+01,2.405925e+01,2.389516e+01,8.151626e+01,1.418171e+02,1.852697e+02,1.849912e+02,1.023579e+02,9.856001e+01,1.483971e+02,1.795802e+02,1.691396e+02,1.250636e+02,3.543158e-01,5.289549e-01,5.891610e-01,4.247046e-01,3.255199e-01,5.457467e-01,4.634402e-01,3.111851e-01,3.746606e-01,3.012360e-01,3.857515e+00,3.890203e+00,3.496816e+00,2.874335e+00,3.367609e+00,3.811391e+00,3.614916e+00,2.794181e+00,2.901009e+00,3.006459e+00
f0049,5.147253e+01,6.259979e+01,7.837467e+01,1.003061e+02,1.021617e+02,3.852559e+01,8.827919e+01,1.558027e+02,1.133149e+02,5.034735e+01,2.484265e+01,2.225304e+01,2.275902e+01,1.975328e+01,2.124705e+01,2.296514e+01,2.458506e+01,2.600046e+01,2.578221e+01,1.976326e+01,1.734803e+02,1.547226e+02,1.482211e+02,1.397672e+02,1.408669e+02,1.273129e+02,1.369339e+02,1.640685e+02,1.519312e+02,1.324340e+02,9.906979e-01,9.954630e-01,1.048295e+00,1.071494e+00,9.193679e-01,8.415279e-01,3.908267e-01,4.294741e-01,4.428660e-01,1.431437e+00,4.129627e+00,4.525052e+00,5.167441e+00,5.158238e+00,4.735895e+00,4.444636e+00,4.247617e+00,4.289770e+00,4.460876e+00,7.372463e+00
f0050,7.615991e+01,6.285059e+01,9.791996e+01,4.803119e+01,1.459936e+02,8.977156e+01,6.146167e+01,1.190493e+02,6.892446e+01,1.380834e+02,2.949089e+01,2.658061e+01,2.660351e+01,2.548510e+01,2.256599e+01,2.797251e+01,2.583198e+01,2.220603e+01,2.592230e+01,2.440150e+01,7.812593e+01,1.490696e+02,1.495860e+02,1.347158e+02,4.502681e+01,7.102342e+01,1.190039e+02,1.352020e+02,1.314071e+02,5.331039e+01,1.445745e-01,2.246929e-01,4.100397e-01,5.224864e-01,-2.973552e-01,9.116872e-03,1.414540e-01,6.365120e-01,5.565734e-01,-3.953369e-01,3.507734e+00,3.147822e+00,3.380926e+00,4.072210e+00,4.464563e+00,3.856481e+00,3.610332e+00,3.522015e+00,4.382303e+00,4.169069e+00
f0051,1.488050e+02,1.562418e+02,1.443301e+02,1.152288e+02,1.798693e+02,1.363187e+02,1.331011e+02,1.259697e+02,1.238785e+02,1.593263e+02,2.962742e+01,2.137040e+01,2.269553e+01,2.631807e+01,2.186704e+01,2.724558e+01,2.747719e+01,2.569679e+01,2.663357e+01,2.609187e+01,6.421747e+01,1.068369e+02,1.264245e+02,1.662318e+02,1.329679e+02,1.038561e+02,1.418734e+02,1.723735e+02,1.813239e+02,1.047976e+02,-4.315876e-02,1.269226e-01,3.089280e-01,2.164889e-01,2.971535e-01,4.430502e-01,1.881377e-01,4.164961e-01,4.136368e-01,1.640181e-02,3.327735e+00,3.250848e+00,3.326072e+00,3.319733e+00,2.943363e+00,3.424889e+00,3.217586e+00,3.186425e+00,2.927625e+00,4.597362e+00
f0052,4.496616e+01,7.139911e+01,5.931507e+01,7.193128e+01,9.528118e+01,4.789831e+01,7.803926e+01,1.118512e+02,9.415483e+01,7.758793e+01,2.361239e+01,2.101144e+01,2.110984e+01,2.404139e+01,1.936304e+01,2.615659e+01,2.513677e+01,2.730602e+01,2.395669e+01,1.995503e+01,7.601041e+01,1.205980e+02,1.303456e+02,1.488988e+02,1.112358e+02,1.105152e+02,1.442179e+02,1.533778e+02,1.280697e+02,9.325914e+01,4.028409e-01,6.416013e-01,7.681912e-01,4.722768e-01,7.873233e-01,4.846672e-01,4.301741e-01,4.369444e-01,4.991077e-01,8.024253e-01,3.918098e+00,4.743322e+00,4.545975e+00,3.751384e+00,4.798673e+00,3.940369e+00,3.532244e+00,3.379645e+00,3.590156e+00,4.811046e+00
f0053,6.867882e+01,5.715308e+01,9.764510e+01,1.341462e+02,9.687730e+01,6.187289e+01,8.542247e+01,1.487093e+02,1.193378e+02,9.060146e+01,2.397869e+01,2.040682e+01,2.134693e+01,2.198649e+01,1.887827e+01,2.501950e+01,2.540613e+01,3.109066e+01,2.812771e+01,2.394067e+01,8.848078e+01,1.227512e+02,1.367610e+02,1.612608e+02,1.051842e+02,1.032344e+02,1.361412e+02,1.946694e+02,1.861285e+02,1.298024e+02,5.081175e-01,6.657533e-01,6.714528e-01,5.651332e-01,6.932691e-01,6.733422e-01,4.500094e-01,2.726869e-01,3.582223e-01,5.713751e-01,3.834470e+00,4.324299e+00,4.424857e+00,3.751116e+00,4.697671e+00,4.303360e+00,3.703109e+00,3.256457e+00,3.280449e+00,3.940883e+00
f0054,8.575456e+01,1.002536e+02,1.768094e+02,1.375502e+02,1.362047e+02,8.388019e+01,5.559926e+01,1.245147e+02,9.169157e+01,1.065847e+02,2.292186e+01,2.195516e+01,2.477126e+01,2.192081e+01,2.127056e+01,1.981867e+01,1.962360e+01,1.963688e+01,2.000524e+01,2.254627e+01,6.999817e+01,1.379903e+02,2.216267e+02,2.486775e+02,1.549989e+02,7.528841e+01,1.413090e+02,1.956444e+02,1.627228e+02,1.147220e+02,1.705364e-01,6.520534e-01,6.477227e-01,8.374477e-01,5.277576e-01,4.592868e-01,1.036782e+00,8.744403e-01,1.034929e+00,2.975605e-01,3.760982e+00,3.589509e+00,3.385649e+00,3.415494e+00,4.159644e+00,3.767295e+00,5.315695e+00,3.678120e+00,4.659562e+00,3.860621e+00
f0055,1.723638e+02,1.548420e+02,1.577399e+02,1.660345e+02,1.696785e+02,1.466354e+02,1.408824e+02,1.325585e+02,1.322181e+02,1.818245e+02,2.640613e+01,2.297959e+01,2.144458e+01,2.090480e+01,2.213390e+01,2.643517e+01,2.621525e+01,2.437157e+01,2.557506e+01,2.275917e+01,8.523572e+01,1.186625e+02,1.339545e+02,1.231981e+02,1.068820e+02,8.399825e+01,1.254161e+02,1.391757e+02,1.371555e+02,1.005463e+02,1.012357e-01,3.040841e-01,4.553469e-01,4.111300e-01,2.656586e-01,2.422163e-01,3.492004e-01,5.002373e-01,3.397071e-01,1.816221e-01,3.245656e+00,3.489996e+00,3.336264e+00,3.724224e+00,3.833825e+00,3.613110e+00,3.583341e+00,3.774226e+00,3.634174e+00,3.397282e+00
f0056,6.853583e+01,8.571429e+01,2.857143e+01,8.571429e+01,5.714286e+01,6.853583e+01,2.608696e+01,2.608696e+01,6.086957e+01,2.608696e+01,2.942207e+01,2.011108e+01,1.037290e+01,1.248954e+01,2.251249e+01,1.568906e+01,1.474325e+01,1.961426e+01,2.480818e+01,3.105812e+01,1.421668e+02,1.864916e+02,9.695414e+01,1.384883e+02,2.397186e+02,4.758012e+01,4.911526e+01,8.679487e+01,1.513854e+02,8.051114e+01,4.515048e-02,4.112075e-01,9.339932e-01,1.270484e+00,6.075181e-01,7.787338e-01,-2.599532e-01,6.849146e-01,1.433476e-01,4.903757e-01,2.706893e+00,2.087713e+00,2.719939e+00,3.930591e+00,2.754626e+00,4.822825e+00,2.085065e+00,3.909746e+00,1.999640e+00,5.103144e+00
f0057,1.106000e+02,1.015079e+02,1.081238e+02,1.340286e+02,1.770762e+02,1.166869e+02,1.251245e+02,1.851105e+02,1.275270e+02,1.699193e+02,2.515796e+01,2.262292e+01,2.118995e+01,1.941694e+01,2.284031e+01,2.543771e+01,2.401253e+01,2.318633e+01,2.288913e+01,2.672104e+01,8.737609e+01,1.242836e+02,1.266487e+02,1.267983e+02,1.156924e+02,7.991094e+01,1.288037e+02,1.049168e+02,1.165043e+02,9.019255e+01,2.574629e-01,2.246767e-01,4.414317e-01,4.126299e-01,4.573837e-02,2.642169e-01,3.624001e-01,3.153118e-01,4.136445e-01,-8.605050e-02,3.431932e+00,3.937497e+00,3.539030e+00,2.963381e+00,3.137481e+00,3.276037e+00,3.665242e+00,3.625840e+00,3.479785e+00,4.062767e+00
f0058,1.946238e+02,2.491945e+02,1.484319e+02,1.680397e+02,1.334628e+02,2.082166e+02,1.888829e+02,8.902326e+01,1.276310e+02,1.691584e+02,2.934277e+01,2.773808e+01,2.928175e+01,2.774209e+01,2.670885e+01,2.560464e+01,2.876629e+01,2.956551e+01,2.939920e+01,2.819281e+01,8.326200e+01,1.067070e+02,1.123967e+02,9.508276e+01,1.054250e+02,7.010492e+01,9.417716e+01,1.316594e+02,9.108667e+01,9.772306e+01,-3.213385e-01,-1.017547e-01,1.503508e-01,-1.498072e-01,7.944200e-02,-3.138160e-01,-1.126410e-01,1.387964e-01,-9.015333e-02,5.111623e-02,3.255688e+00,2.696584e+00,4.066247e+00,3.002746e+00,3.208410e+00,3.395110e+00,3.088799e+00,3.461359e+00,3.263512e+00,3.750946e+00
f0059,8.454874e+01,8.121605e+01,9.289379e+01,1.430977e+02,1.332561e+02,6.707466e+01,8.831254e+01,1.455550e+02,8.199813e+01,1.072741e+02,2.376161e+01,2.181956e+01,2.239683e+01,2.211025e+01,2.213453e+01,2.292379e+01,2.549002e+01,2.629715e+01,2.447216e+01,2.505192e+01,9.771668e+01,1.171037e+02,1.512490e+02,1.817663e+02,1.392091e+02,9.991371e+01,1.266303e+02,1.696605e+02,1.563174e+02,1.431374e+02,5.364406e-01,3.890948e-01,5.633808e-01,5.787760e-01,3.724500e-01,5.230099e-01,3.563535e-01,3.834787e-01,4.455947e-01,3.794297e-01,3.630961e+00,4.018939e+00,3.696918e+00,3.423783e+00,3.154087e+00,3.868788e+00,3.674879e+00,3.343662e+00,3.705332e+00,3.216293e+00
f0060,1.021640e+02,7.736678e+01,1.213010e+02,1.377693e+02,1.526077e+02,8.610093e+01,1.783444e+02,1.311936e+02,1.607565e+02,1.287247e+02,2.566322e+01,1.962408e+01,2.646073e+01,2.268984e+01,2.026550e+01,2.357833e+01,3.118446e+01,2.748178e+01,2.891057e+01,2.563069e+01,1.005235e+02,1.073047e+02,1.425752e+02,1.490681e+02,1.087821e+02,8.527630e+01,1.381490e+02,1.590245e+02,1.585389e+02,1.263424e+02,4.287189e-01,4.358768e-01,8.297144e-02,1.469804e-01,3.022535e-01,3.267303e-01,1.053513e-01,2.709945e-01,3.027550e-01,3.427822e-01,3.871380e+00,3.640980e+00,3.731832e+00,3.074262e+00,3.479244e+00,3.623138e+00,3.926364e+00,3.396004e+00,3.162698e+00,3.696516e+00
f0061,5.323025e+01,6.330128e+01,6.334448e+01,1.210456e+02,6.487473e+01,4.453450e+01,1.216947e+02,6.201114e+01,1.137475e+02,7.839091e+01,2.624659e+01,3.177556e+01,2.920875e+01,3.019457e+01,2.595684e+01,2.714474e+01,3.034314e+01,3.010317e+01,3.445232e+01,3.220099e+01,1.527859e+02,1.746761e+02,1.482342e+02,1.925646e+02,1.185205e+02,1.354626e+02,1.605609e+02,1.652039e+02,2.136772e+02,1.852665e+02,7.834760e-01,3.606901e-01,3.368843e-01,9.639450e-02,4.448832e-01,8.505321e-01,5.737763e-02,3.426064e-01,1.683449e-01,3.206212e-01,3.921879e+00,3.652858e+00,3.205489e+00,2.850450e+00,4.533863e+00,4.167661e+00,3.307411e+00,3.137865e+00,2.844456e+00,3.793867e+00
f0062,1.608700e+02,1.509856e+02,1.694966e+02,1.740954e+02,1.769169e+02,1.337742e+02,1.466208e+02,1.310171e+02,1.263163e+02,2.031521e+02,2.877250e+01,2.575637e+01,2.482500e+01,2.156312e+01,2.233254e+01,2.624192e+01,2.586703e+01,2.995654e+01,2.771432e+01,2.882463e+01,7.130675e+01,1.304111e+02,1.361056e+02,1.055984e+02,1.041355e+02,9.113929e+01,1.130692e+02,1.376286e+02,1.163973e+02,6.908692e+01,-1.352253e-01,1.772922e-01,1.241921e-01,3.560857e-02,-6.340704e-02,1.333322e-01,2.516647e-01,1.163064e-01,1.843405e-01,-3.092685e-01,3.426241e+00,3.541838e+00,3.305492e+00,3.313300e+00,3.186606e+00,3.693937e+00,3.601457e+00,3.913166e+00,3.810393e+00,3.912635e+00
f0063,2.846975e+01,2.857143e+01,8.571429e+01,8.571429e+01,2.857143e+01,5.693950e+01,56,32,16,96,2.288838e+01,2.684554e+01,1.588173e+01,8.286085e+00,9.618959e+00,2.067509e+01,2.246480e+01,1.732937e+01,1.268326e+01,1.634747e+01,1.474588e+02,2.429970e+02,1.634043e+02,9.109396e+01,1.333658e+02,9.226245e+01,1.378173e+02,9.479907e+01,7.366958e+01,7.374021e+01,5.949033e-01,6.413925e-01,1.077333e+00,2.038496e+00,1.822308e+00,9.556349e-01,6.665854e-01,1.081025e+00,1.185895e+00,9.064328e-01,2.788807e+00,2.329863e+00,3.395165e+00,6.598926e+00,5.277937e+00,4.294264e+00,2.880335e+00,4.148142e+00,4.526121e+00,3.634957e+00
f0064,6.079325e+01,5.248359e+01,9.619444e+01,1.293617e+02,1.048788e+02,7.192967e+01,1.086595e+02,9.900591e+01,8.874810e+01,7.867695e+01,2.471223e+01,2.139975e+01,2.312515e+01,2.263311e+01,2.176086e+01,2.440678e+01,2.248426e+01,2.725945e+01,2.795522e+01,2.321268e+01,8.377380e+01,1.060436e+02,1.333860e+02,1.198642e+02,1.197470e+02,1.059601e+02,1.210879e+02,1.253736e+02,1.345608e+02,1.050280e+02,2.055489e-01,3.806977e-01,4.154429e-01,3.408069e-01,3.859307e-01,5.029093e-01,5.309467e-01,2.591645e-01,2.466173e-01,5.581495e-01,3.362243e+00,4.355750e+00,3.513198e+00,3.704860e+00,3.390021e+00,3.973276e+00,3.882571e+00,3.729627e+00,3.453031e+00,4.384646e+00
f0065,8.107506e+01,8.797010e+01,9.143479e+01,8.631039e+01,1.062071e+02,8.165142e+01,5.108117e+01,6.604339e+01,8.798245e+01,1.190909e+02,2.453157e+01,2.518734e+01,2.406767e+01,2.150091e+01,2.157602e+01,2.381390e+01,2.691499e+01,3.059448e+01,2.819570e+01,2.933759e+01,1.037309e+02,1.393942e+02,1.437117e+02,1.405496e+02,1.372969e+02,1.068035e+02,1.467483e+02,1.675029e+02,1.432724e+02,1.337522e+02,5.782318e-01,1.921105e-01,3.118388e-01,5.708740e-01,5.596843e-01,6.221715e-01,3.600765e-01,3.369907e-01,3.689514e-01,4.062252e-01,4.077518e+00,3.471799e+00,3.664831e+00,3.824513e+00,3.794959e+00,3.772412e+00,3.526976e+00,4.144976e+00,3.556894e+00,3.943426e+00
f0066,7.984196e+01,8.155643e+01,7.275415e+01,9.895672e+01,1.293799e+02,6.551578e+01,1.032725e+02,1.831376e+02,1.804016e+02,6.592455e+01,2.449353e+01,2.381972e+01,2.297795e+01,2.283441e+01,1.797658e+01,2.069986e+01,2.576208e+01,2.600032e+01,3.077523e+01,2.336947e+01,9.293389e+01,1.405961e+02,1.523001e+02,1.596610e+02,9.800523e+01,8.824225e+01,1.513374e+02,1.835115e+02,2.053270e+02,1.185949e+02,1.870377e-01,6.885444e-01,8.355716e-01,5.801270e-01,5.861438e-01,4.879629e-01,5.705426e-01,4.085232e-01,1.829070e-01,6.612848e-01,3.254771e+00,4.809881e+00,4.918669e+00,3.663625e+00,3.771013e+00,3.912159e+00,4.424950e+00,3.079656e+00,2.910087e+00,4.115227e+00
f0067,1.031603e+02,7.495777e+01,9.381376e+01,1.027376e+02,1.312746e+02,5.956801e+01,7.288717e+01,7.935987e+01,8.892259e+01,8.824083e+01,2.829395e+01,2.220446e+01,2.387266e+01,2.294302e+01,2.308953e+01,2.187474e+01,2.636758e+01,2.925413e+01,2.746256e+01,2.597909e+01,5.685658e+01,1.013827e+02,1.248659e+02,1.143712e+02,8.471381e+01,7.399574e+01,9.799863e+01,1.282057e+02,1.100214e+02,1.044209e+02,-3.182586e-01,4.335136e-01,3.397326e-01,4.361707e-01,1.505569e-01,1.962298e-01,3.515225e-01,4.351154e-01,3.102169e-01,3.117024e-01,4.331531e+00,4.050917e+00,3.799881e+00,3.895890e+00,3.632852e+00,3.620446e+00,3.930325e+00,3.996474e+00,3.695461e+00,3.437156e+00
f0068,1.043337e+02,1.472222e+02,1.195437e+02,1.541667e+02,1.041667e+02,8.387934e+01,3.140052e+01,1.880097e+02,6.536672e+01,1.759750e+02,1.975063e+01,1.525818e+01,2.238590e+01,2.497261e+01,2.349763e+01,2.267716e+01,2.605929e+01,2.858891e+01,1.977066e+01,2.425313e+01,7.639321e+01,8.161195e+01,1.057149e+02,1.254610e+02,1.278122e+02,5.979445e+01,1.376333e+02,1.399918e+02,1.143928e+02,8.254950e+01,4.578369e-01,7.136693e-01,4.076902e-02,4.056160e-01,6.638240e-01,3.124744e-01,1.487922e-01,-5.200532e-02,3.548278e-01,2.313609e-01,3.650887e+00,3.527232e+00,3.870902e+00,4.507288e+00,4.296219e+00,4.456169e+00,3.020526e+00,3.899763e+00,2.622338e+00,3.231115e+00
f0069,1.557138e+02,1.183784e+02,1.524639e+02,1.589376e+02,1.769751e+02,1.130439e+02,1.639508e+02,1.435027e+02,8.412254e+01,1.516656e+02,2.680088e+01,2.178169e+01,2.305712e+01,2.357797e+01,2.347683e+01,2.336607e+01,2.566306e+01,2.664068e+01,2.439411e+01,2.231435e+01,9.141123e+01,1.195648e+02,1.484467e+02,1.607102e+02,1.123859e+02,8.887973e+01,1.420614e+02,1.604515e+02,1.556227e+02,9.859433e+01,2.693845e-01,2.297020e-01,2.044179e-01,2.870516e-01,-5.339279e-02,2.507519e-01,2.867735e-01,2.770564e-01,4.489966e-01,1.364865e-01,3.396719e+00,3.284220e+00,3.050507e+00,3.204723e+00,3.763344e+00,3.391548e+00,3.379662e+00,3.232087e+00,3.557806e+00,3.580281e+00
f0070,8.432360e+01,8.657699e+01,9.557473e+01,1.548716e+02,1.870742e+02,7.690778e+01,7.990330e+01,1.502501e+02,1.268565e+02,1.151026e+02,2.506130e+01,2.065193e+01,2.387657e+01,2.394592e+01,2.265214e+01,2.165643e+01,2.589207e+01,2.696654e+01,2.748804e+01,2.274268e+01,6.348229e+01,1.333295e+02,1.416134e+02,1.462611e+02,1.017511e+02,8.603421e+01,1.491280e+02,1.731209e+02,1.879942e+02,6.116966e+01,-1.425999e-03,6.330264e-01,4.714982e-01,4.140033e-01,4.253961e-01,4.295902e-01,3.144482e-01,2.606012e-01,2.502246e-01,1.633036e-01,4.178157e+00,3.740706e+00,3.947645e+00,3.590861e+00,3.414866e+00,3.616705e+00,3.067385e+00,2.874691e+00,2.790217e+00,4.115319e+00
f0071,5.915396e+01,6.724155e+01,8.272937e+01,1.355871e+02,1.447519e+02,7.506134e+01,3.891559e+01,4.294094e+01,6.422040e+01,7.474367e+01,2.530907e+01,1.869809e+01,2.250068e+01,2.154092e+01,2.188875e+01,2.159920e+01,1.987467e+01,1.876421e+01,1.585331e+01,1.686228e+01,8.129356e+01,1.095270e+02,1.433421e+02,1.576022e+02,1.421087e+02,9.079453e+01,1.140998e+02,1.023828e+02,1.128166e+02,1.042951e+02,3.320554e-01,9.724132e-01,6.709679e-01,5.792042e-01,4.041277e-01,4.820861e-01,8.076999e-01,9.297975e-01,1.769708e+00,1.281196e+00,3.657689e+00,5.814606e+00,5.206499e+00,3.698561e+00,3.510648e+00,4.055342e+00,5.695538e+00,6.504473e+00,9.405385e+00,7.022511e+00
f0072,1.102309e+02,1.416071e+02,7.928571e+01,1.510714e+02,1.530357e+02,9.296883e+01,7.670635e+01,8.527778e+01,1.151389e+02,1.315079e+02,2.613518e+01,1.857045e+01,1.954697e+01,2.265160e+01,2.078042e+01,2.481167e+01,2.093872e+01,2.082069e+01,2.061843e+01,1.977472e+01,4.705121e+01,1.081025e+02,1.309364e+02,1.540197e+02,1.275522e+02,1.043259e+02,1.549553e+02,1.691915e+02,1.631066e+02,1.122858e+02,-1.857202e-01,6.055680e-01,6.057954e-01,4.180810e-01,2.422145e-01,2.683793e-01,6.249302e-01,7.248034e-01,8.177304e-01,5.983055e-01,3.892124e+00,3.629448e+00,3.489053e+00,3.192674e+00,2.831571e+00,3.468529e+00,3.071410e+00,3.908799e+00,3.678295e+00,4.247808e+00
f0073,4.776623e+01,6.399748e+01,9.271987e+01,9.856421e+01,9.740556e+01,6.488098e+01,6.151561e+01,8.328644e+01,6.474674e+01,8.370943e+01,2.348901e+01,1.935693e+01,2.172761e+01,2.008848e+01,1.761763e+01,2.138996e+01,2.280243e+01,2.358029e+01,2.599746e+01,2.206818e+01,9.111036e+01,1.210921e+02,1.585105e+02,1.643312e+02,7.822190e+01,8.070540e+01,1.319485e+02,1.609874e+02,1.850507e+02,1.259117e+02,4.491700e-01,8.397534e-01,7.227598e-01,7.935457e-01,5.368538e-01,5.681512e-01,6.971006e-01,7.563826e-01,5.729215e-01,8.731217e-01,3.783128e+00,5.082072e+00,4.333179e+00,3.906285e+00,5.254449e+00,3.974900e+00,4.643370e+00,4.056482e+00,3.635276e+00,4.726374e+00
f0074,6.596134e+01,6.765743e+01,1.295711e+02,1.973604e+02,1.474269e+02,4.743963e+01,7.697241e+01,1.973770e+02,8.594172e+01,7.379835e+01,2.632359e+01,2.400794e+01,2.215760e+01,2.552675e+01,2.303752e+01,2.311133e+01,2.218590e+01,2.540316e+01,2.138410e+01,2.095912e+01,1.137182e+02,1.395226e+02,1.610504e+02,1.740881e+02,1.207139e+02,9.981100e+01,1.262812e+02,1.842461e+02,1.521896e+02,1.185284e+02,5.698414e-01,6.422353e-01,4.854353e-01,4.442047e-01,4.652567e-02,4.925553e-01,5.199660e-01,4.876083e-01,6.652245e-01,1.059907e+00,3.940430e+00,4.539462e+00,3.370690e+00,3.534251e+00,3.179314e+00,3.750617e+00,3.467559e+00,3.194841e+00,3.492489e+00,5.618902e+00
f0075,5.689976e+01,7.149321e+01,1.079670e+02,1.754809e+02,1.426584e+02,6.801719e+01,8.925309e+01,1.904643e+02,1.654273e+02,7.434859e+01,2.605788e+01,2.182280e+01,2.503554e+01,2.383142e+01,2.299166e+01,2.291063e+01,2.659033e+01,2.665589e+01,2.615544e+01,2.412988e+01,8.335006e+01,1.196276e+02,1.526218e+02,1.729670e+02,1.407688e+02,1.003402e+02,1.614961e+02,2.175903e+02,1.873943e+02,1.251927e+02,2.717622e-01,3.425940e-01,3.943550e-01,5.455314e-01,4.455606e-01,7.249934e-01,3.896628e-01,4.701088e-01,3.227875e-01,9.614657e-01,3.464014e+00,3.389555e+00,3.418508e+00,3.364177e+00,4.195879e+00,4.411043e+00,3.403824e+00,2.823920e+00,3.166317e+00,5.477403e+00
f0076,9.230321e+01,1.009365e+02,9.675334e+01,1.355507e+02,1.355320e+02,6.779360e+01,1.044342e+02,1.327373e+02,1.010412e+02,9.198737e+01,2.339090e+01,2.379722e+01,2.222242e+01,2.383616e+01,2.159456e+01,2.157359e+01,2.509465e+01,2.689373e+01,2.806223e+01,2.492986e+01,9.623834e+01,1.330257e+02,1.692870e+02,1.927498e+02,1.121812e+02,9.033130e+01,1.320000e+02,1.805931e+02,1.704247e+02,1.262704e+02,3.034043e-01,5.123693e-01,6.061613e-01,6.451227e-01,1.829996e-01,6.447850e-01,4.026252e-01,5.031728e-01,3.117079e-01,5.434725e-01,3.590311e+00,4.255522e+00,3.567507e+00,3.268418e+00,3.268789e+00,3.899279e+00,3.259083e+00,3.052721e+00,3.020141e+00,3.858557e+00
f0077,6.367496e+01,1.187247e+02,1.093916e+02,1.589484e+02,1.197025e+02,7.644188e+01,9.359183e+01,1.569099e+02,8.980791e+01,1.245245e+02,2.314187e+01,2.195896e+01,2.317185e+01,2.269956e+01,2.274252e+01,2.249536e+01,2.650034e+01,2.618819e+01,2.485793e+01,2.295512e+01,9.212413e+01,1.186955e+02,1.612029e+02,1.510383e+02,1.499204e+02,9.657177e+01,1.460557e+02,1.762668e+02,1.517735e+02,1.223731e+02,5.300045e-01,5.113657e-01,3.161977e-01,3.641812e-01,6.044460e-01,5.704544e-01,3.025970e-01,2.125772e-01,3.002552e-01,4.069630e-01,3.839026e+00,3.991268e+00,3.207762e+00,3.150081e+00,3.857858e+00,3.800899e+00,2.941426e+00,2.823752e+00,3.175980e+00,3.421244e+00
f0078,4.061988e+01,5.307461e+01,1.381079e+02,1.788521e+02,1.707232e+02,3.588468e+01,9.829114e+01,1.599546e+02,1.505794e+02,8.342908e+01,2.209552e+01,2.184336e+01,2.360622e+01,2.661143e+01,1.897472e+01,2.474477e+01,2.466948e+01,2.298987e+01,2.519029e+01,2.237832e+01,8.596591e+01,1.058045e+02,1.220775e+02,1.397529e+02,1.116053e+02,1.420936e+02,1.287282e+02,1.144353e+02,1.098667e+02,9.468573e+01,3.330283e-01,4.022358e-01,3.140594e-01,1.981046e-01,8.980731e-01,8.001816e-01,3.413025e-01,3.793600e-01,2.392330e-01,5.050897e-01,3.380753e+00,3.892986e+00,3.966923e+00,3.666736e+00,4.563293e+00,4.583248e+00,3.551052e+00,3.471731e+00,3.425596e+00,4.330043e+00
f0079,1.043058e+02,1.219048e+02,2.009524e+02,1.828571e+02,1.178571e+02,7.204025e+01,1.144709e+02,2.035384e+02,2.004431e+02,1.531944e+02,2.064078e+01,2.079809e+01,2.217027e+01,2.630051e+01,2.346786e+01,2.125995e+01,2.371994e+01,2.198659e+01,1.808452e+01,1.731750e+01,5.858035e+01,1.439339e+02,1.586570e+02,1.881467e+02,7.700287e+01,9.430493e+01,1.329845e+02,1.562178e+02,1.483094e+02,9.628760e+01,1.320523e-01,4.188402e-01,2.564873e-01,2.710231e-01,1.602480e-01,5.146951e-01,1.703207e-02,3.251307e-01,5.586091e-01,6.548093e-01,3.789466e+00,3.486681e+00,3.382955e+00,3.552516e+00,3.121540e+00,3.583089e+00,3.161915e+00,3.000887e+00,2.949983e+00,4.306768e+00
f0080,4.307553e+01,7.953283e+01,6.592803e+01,5.708965e+01,6.469697e+01,4.685695e+01,4.359048e+01,5.513745e+01,7.441166e+01,5.591089e+01,2.215720e+01,1.584553e+01,1.455965e+01,1.293838e+01,1.397607e+01,2.410057e+01,1.839171e+01,1.776085e+01,1.821927e+01,1.308062e+01,1.030452e+02,9.606929e+01,8.328624e+01,7.290939e+01,6.471281e+01,1.364922e+02,9.286355e+01,1.336008e+02,1.135105e+02,6.390898e+01,1.164699e+00,2.293870e+00,2.907905e+00,2.749899e+00,2.008946e+00,9.433395e-01,2.466135e+00,2.344153e+00,1.920559e+00,2.604255e+00,6.703466e+00,1.253504e+01,1.682907e+01,1.703333e+01,1.165902e+01,5.136207e+00,1.356013e+01,1.367878e+01,1.099985e+01,1.419154e+01
f0081,5.421042e+01,9.142949e+01,1.515718e+02,1.604994e+02,1.451386e+02,4.948328e+01,9.458865e+01,1.777236e+02,1.718099e+02,1.041790e+02,2.453085e+01,2.180259e+01,2.500729e+01,2.543527e+01,2.014776e+01,2.220373e+01,2.509976e+01,2.386863e+01,2.335820e+01,2.193675e+01,7.847635e+01,1.461854e+02,1.756612e+02,2.046357e+02,1.108120e+02,8.429749e+01,1.463698e+02,1.793933e+02,1.922901e+02,1.086630e+02,2.846857e-01,6.611378e-01,5.268421e-01,6.611517e-01,6.107367e-01,4.452226e-01,5.872106e-01,5.662225e-01,6.977037e-01,1.062696e+00,3.715988e+00,4.078161e+00,3.795638e+00,3.312190e+00,3.657464e+00,4.078940e+00,3.942415e+00,3.155082e+00,3.413350e+00,5.357215e+00
f0082,5.173394e+01,4.835308e+01,7.818610e+01,1.447587e+02,1.046069e+02,3.840886e+01,4.761470e+01,1.046111e+02,4.257392e+01,3.455499e+01,2.458371e+01,2.146753e+01,2.483982e+01,2.455651e+01,1.991629e+01,2.455332e+01,2.552941e+01,2.777831e+01,2.929731e+01,2.425407e+01,1.221679e+02,1.234286e+02,1.441349e+02,1.611162e+02,1.585404e+02,1.591853e+02,1.341672e+02,1.512532e+02,1.351067e+02,9.348072e+01,7.684539e-01,5.168273e-01,4.582703e-01,3.960268e-01,9.651708e-01,1.067015e+00,7.229990e-01,2.557008e-01,1.741722e-01,6.551718e-01,4.185409e+00,4.151081e+00,4.097168e+00,3.506343e+00,4.324769e+00,5.291244e+00,5.295268e+00,3.411498e+00,3.796945e+00,4.963361e+00
f0083,6.067695e+01,7.069368e+01,1.531340e+02,2.011448e+02,1.398974e+02,7.418755e+01,6.493798e+01,1.092334e+02,8.153606e+01,6.392815e+01,2.314462e+01,2.090468e+01,2.137928e+01,2.390599e+01,1.999117e+01,2.228088e+01,2.189031e+01,2.148743e+01,2.221520e+01,1.963405e+01,6.812847e+01,1.324454e+02,1.583460e+02,1.770621e+02,8.640556e+01,9.641837e+01,1.248186e+02,1.646451e+02,1.647716e+02,1.106137e+02,2.386693e-01,7.135881e-01,6.661472e-01,6.056945e-01,2.986553e-01,7.271837e-01,8.569144e-01,6.998489e-01,7.183858e-01,7.455515e-01,3.749965e+00,4.226298e+00,3.332255e+00,3.610379e+00,3.645262e+00,4.923119e+00,5.309096e+00,3.933600e+00,3.802218e+00,4.254926e+00
f0084,7.664295e+01,1.231137e+02,1.752806e+02,1.676687e+02,1.608376e+02,7.938783e+01,1.476190e+02,1.552904e+02,1.594138e+02,1.321338e+02,2.437175e+01,2.115168e+01,2.384726e+01,2.118021e+01,2.167134e+01,2.331654e+01,2.346837e+01,2.216478e+01,2.494852e+01,1.770964e+01,6.213549e+01,1.421497e+02,1.935191e+02,1.751896e+02,1.491050e+02,8.939340e+01,1.571051e+02,1.920526e+02,1.652552e+02,6.522647e+01,-8.540696e-02,5.476054e-01,4.505852e-01,8.013256e-01,4.043345e-01,4.948706e-01,3.846236e-01,5.151921e-01,4.265574e-01,5.441185e-01,3.687272e+00,3.431079e+00,3.070725e+00,3.942644e+00,3.389449e+00,3.795567e+00,3.545878e+00,3.234091e+00,3.652132e+00,5.199256e+00
f0085,4.795721e+01,6.773375e+01,8.234266e+01,1.114323e+02,1.047552e+02,7.144735e+01,8.453811e+01,9.321522e+01,1.284348e+02,1.013513e+02,2.430564e+01,2.053018e+01,2.235044e+01,2.510043e+01,2.284772e+01,2.443385e+01,2.179952e+01,2.945766e+01,2.854786e+01,2.073036e+01,1.295933e+02,1.150877e+02,1.269964e+02,1.436082e+02,1.266539e+02,1.093924e+02,1.034516e+02,1.542413e+02,1.473314e+02,8.821433e+01,7.213723e-01,6.079754e-01,2.659550e-01,8.523030e-02,2.053412e-01,5.507144e-01,4.950336e-01,-2.901060e-02,3.760296e-02,5.853619e-01,4.028094e+00,4.223734e+00,3.846748e+00,3.319854e+00,3.573570e+00,3.873754e+00,4.858137e+00,3.584483e+00,4.138031e+00,4.558036e+00
f0086,6.585376e+01,7.128239e+01,1.530852e+02,2.092139e+02,1.956105e+02,7.547503e+01,7.284703e+01,1.366892e+02,1.603351e+02,1.068498e+02,2.433024e+01,2.273303e+01,2.203545e+01,2.659998e+01,2.205754e+01,2.111429e+01,2.169535e+01,2.536846e+01,2.343650e+01,2.143558e+01,8.567203e+01,1.394469e+02,1.831435e+02,2.090846e+02,1.314377e+02,8.858081e+01,1.239785e+02,1.866195e+02,1.933981e+02,1.302050e+02,2.262988e-01,5.757432e-01,6.607761e-01,4.356401e-01,3.267505e-01,5.818400e-01,7.324489e-01,6.312994e-01,6.954778e-01,5.752461e-01,3.437469e+00,4.285541e+00,3.200573e+00,2.987943e+00,3.023422e+00,3.993411e+00,4.727510e+00,3.613460e+00,3.350941e+00,3.632318e+00
f0087,4.042491e+01,7.415916e+01,6.539265e+01,7.758193e+01,9.981352e+01,5.788932e+01,7.219961e+01,1.464994e+02,6.572843e+01,8.473689e+01,2.492906e+01,2.228483e+01,1.874296e+01,2.317421e+01,1.799290e+01,2.158457e+01,2.475118e+01,2.854890e+01,2.859570e+01,2.606287e+01,8.596778e+01,1.382019e+02,1.370527e+02,1.352334e+02,8.764284e+01,1.037993e+02,1.169267e+02,1.435723e+02,1.401851e+02,1.035845e+02,4.086985e-01,9.129906e-01,1.074052e+00,8.427951e-01,8.211734e-01,5.920264e-01,6.248525e-01,2.302960e-01,1.301452e-01,2.314257e-01,4.043862e+00,5.160738e+00,5.082193e+00,5.547803e+00,5.718855e+00,3.673620e+00,4.534998e+00,3.678303e+00,3.523958e+00,3.713851e+00
f0088,4.655467e+01,7.629706e+01,1.481302e+02,2.035376e+02,1.374587e+02,5.421029e+01,1.395828e+02,2.225087e+02,1.838474e+02,6.968653e+01,2.459940e+01,2.237912e+01,2.387915e+01,2.602016e+01,2.126897e+01,2.528830e+01,2.636699e+01,2.429290e+01,2.725847e+01,2.130508e+01,1.332159e+02,1.318065e+02,1.709507e+02,1.832345e+02,1.406480e+02,1.129525e+02,1.459811e+02,1.674584e+02,1.704237e+02,1.202896e+02,5.962204e-01,6.222281e-01,3.503915e-01,1.878080e-01,5.345588e-01,6.117526e-01,2.838570e-01,4.534717e-01,2.470527e-01,7.009556e-01,4.039087e+00,4.404589e+00,3.161543e+00,2.902729e+00,3.366022e+00,4.213621e+00,3.690868e+00,3.172148e+00,3.146105e+00,4.208489e+00
f0089,9.365439e+01,1.043818e+02,1.321727e+02,8.139639e+01,7.374688e+01,9.444827e+01,1.025890e+02,1.087800e+02,8.215205e+01,9.666032e+01,2.172041e+01,2.554203e+01,2.627616e+01,2.592510e+01,2.793983e+01,2.137719e+01,2.571885e+01,2.904925e+01,2.879182e+01,2.596630e+01,5.561239e+01,1.441481e+02,1.444123e+02,1.055222e+02,1.278557e+02,6.774273e+01,1.363657e+02,1.710203e+02,1.382533e+02,1.355873e+02,3.048343e-01,5.591992e-01,4.282029e-01,4.037969e-01,5.535003e-01,3.137227e-01,4.966324e-01,3.084457e-01,3.697419e-01,6.520459e-01,3.813892e+00,3.506154e+00,2.802195e+00,4.079743e+00,4.275714e+00,3.840171e+00,3.602932e+00,2.943475e+00,3.798334e+00,3.819127e+00
f0090,7.322387e+01,8.881579e+01,1.578008e+02,3.287594e+02,2.685150e+02,7.540501e+01,1.168839e+02,1.579256e+02,1.662030e+02,9.855305e+01,2.362699e+01,2.065682e+01,2.306093e+01,2.456430e+01,2.347953e+01,2.448921e+01,2.282315e+01,2.451337e+01,2.513188e+01,2.214663e+01,1.092955e+02,1.233830e+02,1.330777e+02,1.527482e+02,1.645582e+02,1.378636e+02,1.261036e+02,1.441080e+02,1.566715e+02,1.304581e+02,5.311399e-01,4.710247e-01,2.025891e-01,7.954660e-02,-5.721552e-02,4.239444e-01,-5.107192e-02,-1.067099e-01,1.708782e-01,4.267544e-01,3.454291e+00,4.071459e+00,3.465302e+00,2.654030e+00,2.490880e+00,3.396901e+00,3.027184e+00,3.057002e+00,3.342192e+00,3.604365e+00
f0091,9.767102e+01,8.422131e+01,8.870714e+01,9.653415e+01,1.332295e+02,9.755262e+01,1.051462e+02,1.304545e+02,1.102007e+02,1.135716e+02,2.415056e+01,2.135624e+01,2.221108e+01,2.274015e+01,2.314350e+01,2.541300e+01,2.375122e+01,2.769505e+01,2.606649e+01,2.486709e+01,9.170164e+01,1.263167e+02,1.344770e+02,1.308334e+02,1.160383e+02,9.271164e+01,1.147468e+02,1.484653e+02,1.363152e+02,1.144914e+02,1.438512e-01,3.799500e-01,4.078920e-01,3.053187e-01,1.881427e-02,2.564525e-01,2.417815e-01,1.170304e-01,2.201361e-01,1.992037e-01,3.365011e+00,3.491333e+00,3.648520e+00,3.437580e+00,3.476028e+00,3.335979e+00,3.219890e+00,3.234279e+00,3.300117e+00,3.355857e+00
f0092,6.591949e+01,8.120571e+01,1.133298e+02,1.633484e+02,1.253001e+02,8.929125e+01,1.416326e+02,1.214963e+02,1.580558e+02,1.569632e+02,2.399348e+01,2.352541e+01,2.293298e+01,2.579837e+01,2.225946e+01,2.522580e+01,2.471220e+01,2.714754e+01,2.341246e+01,2.168800e+01,8.192514e+01,1.506098e+02,1.737942e+02,1.682223e+02,1.254148e+02,1.265197e+02,1.885526e+02,2.288854e+02,1.971461e+02,9.597999e+01,3.706760e-01,4.909995e-01,4.640751e-01,2.861467e-01,4.395001e-01,6.187177e-01,4.349050e-01,3.428366e-01,4.734623e-01,3.377274e-01,3.634119e+00,3.961480e+00,3.089586e+00,3.623760e+00,3.228889e+00,3.708554e+00,3.116931e+00,2.803750e+00,2.729359e+00,3.654990e+00
f0093,4.482575e+01,7.931025e+01,1.200087e+02,1.752035e+02,1.374286e+02,3.884748e+01,1.195254e+02,2.422811e+02,2.132266e+02,1.539168e+02,2.418007e+01,2.453966e+01,2.464497e+01,2.805577e+01,1.908786e+01,2.286599e+01,2.750920e+01,3.079826e+01,2.799544e+01,2.441191e+01,1.026301e+02,1.521623e+02,1.837281e+02,2.276750e+02,1.321844e+02,1.013424e+02,1.673427e+02,2.466053e+02,2.212343e+02,1.751296e+02,6.611703e-01,5.857193e-01,5.633544e-01,3.160286e-01,6.595799e-01,7.163245e-01,3.780428e-01,3.568390e-01,4.287788e-01,5.233204e-01,4.365270e+00,4.356948e+00,5.196073e+00,3.677309e+00,3.279805e+00,4.199186e+00,3.676070e+00,3.421004e+00,3.392005e+00,3.427106e+00
f0094,5.186977e+01,6.756380e+01,8.292925e+01,9.119207e+01,7.611838e+01,5.087861e+01,5.980104e+01,1.277832e+02,9.464400e+01,9.205368e+01,2.234175e+01,2.258963e+01,2.172743e+01,1.789885e+01,1.991522e+01,2.362578e+01,2.138431e+01,2.288003e+01,2.169798e+01,2.027496e+01,6.292323e+01,1.353342e+02,1.504609e+02,6.491966e+01,8.795365e+01,1.125043e+02,1.325229e+02,1.529554e+02,1.532611e+02,9.199567e+01,1.185256e-01,6.923509e-01,7.325523e-01,4.375694e-01,5.016734e-01,6.240524e-01,8.777436e-01,6.601160e-01,8.062160e-01,1.008891e+00,3.758343e+00,4.402573e+00,4.004955e+00,4.462707e+00,4.238310e+00,4.529063e+00,5.683078e+00,3.886204e+00,4.560449e+00,5.891507e+00
f0095,7.445099e+01,1.169379e+02,1.572070e+02,2.325484e+02,1.682219e+02,7.716720e+01,2.836385e+02,3.060070e+02,2.964995e+02,2.089600e+02,2.198778e+01,2.166788e+01,2.500486e+01,2.285688e+01,2.252558e+01,2.483847e+01,2.604058e+01,2.858226e+01,2.619915e+01,2.501121e+01,5.194453e+01,1.289864e+02,1.673749e+02,1.742508e+02,1.542271e+02,1.145507e+02,1.752198e+02,2.080232e+02,1.915872e+02,1.311406e+02,5.798689e-01,3.641343e-01,3.063154e-01,3.859117e-01,3.483783e-01,4.273394e-01,2.512195e-01,2.428732e-01,2.841945e-01,1.615640e-01,4.339620e+00,3.689350e+00,3.347977e+00,2.947128e+00,3.019455e+00,3.727653e+00,2.822136e+00,2.791401e+00,2.912820e+00,3.525400e+00
f0096,4.499700e+01,9.667142e+01,1.530553e+02,1.629727e+02,1.428111e+02,7.165197e+01,1.107064e+02,1.474565e+02,1.488332e+02,5.149608e+01,2.560733e+01,2.486625e+01,2.538867e+01,2.395240e+01,2.208020e+01,2.512994e+01,2.794270e+01,3.048519e+01,2.767473e+01,2.751136e+01,9.203383e+01,1.343018e+02,1.563517e+02,1.717337e+02,1.060643e+02,9.538291e+01,1.486718e+02,1.844888e+02,1.697730e+02,1.470669e+02,2.737404e-01,2.639170e-01,3.485590e-01,4.174403e-01,1.345411e-01,2.525811e-01,1.708438e-01,1.038854e-01,1.778467e-01,4.684202e-01,3.419395e+00,3.762156e+00,3.566807e+00,3.656563e+00,3.278809e+00,3.460727e+00,3.211988e+00,2.529958e+00,2.874448e+00,3.840360e+00
f0097,5.684394e+01,5.085704e+01,9.907019e+01,1.486239e+02,1.203602e+02,5.929428e+01,9.871565e+01,1.806743e+02,1.479717e+02,9.760478e+01,2.401726e+01,2.318534e+01,2.321725e+01,2.260847e+01,2.076627e+01,2.488248e+01,2.450586e+01,2.682656e+01,2.582189e+01,2.194393e+01,1.070559e+02,1.200817e+02,1.444386e+02,1.553299e+02,1.270905e+02,1.230786e+02,1.452864e+02,1.704724e+02,1.533082e+02,1.217527e+02,5.843917e-01,5.830972e-01,4.693723e-01,4.463581e-01,5.947891e-01,7.179908e-01,3.606607e-01,2.411586e-01,4.323598e-01,5.401431e-01,3.881991e+00,4.471503e+00,3.684781e+00,3.316838e+00,3.463910e+00,4.276061e+00,3.359534e+00,3.304048e+00,3.873264e+00,3.611422e+00
f0098,6.315546e+01,7.934954e+01,8.236741e+01,8.158553e+01,7.515862e+01,5.506045e+01,4.722679e+01,6.353038e+01,8.537918e+01,7.642470e+01,2.219175e+01,1.975510e+01,2.143485e+01,1.915706e+01,2.150946e+01,2.358649e+01,2.620407e+01,2.225966e+01,2.354397e+01,1.665124e+01,7.770219e+01,1.260718e+02,1.433296e+02,1.167003e+02,9.194344e+01,9.363970e+01,1.144988e+02,1.206636e+02,1.504967e+02,7.678516e+01,5.628660e-01,1.348551e+00,1.362053e+00,9.670234e-01,3.810653e-01,7.252066e-01,6.118153e-01,8.206231e-01,1.005136e+00,7.692534e-01,4.485894e+00,6.884101e+00,7.678425e+00,5.671549e+00,4.298176e+00,4.837022e+00,5.309694e+00,5.064858e+00,5.650424e+00,4.866091e+00
f0099,7.202216e+01,8.571429e+01,5.714286e+01,2.857143e+01,1.142857e+02,1.209964e+02,1.416667e+02,3.333333e+01,4.166667e+01,2.416667e+02,2.560191e+01,1.880373e+01,1.509791e+01,1.668086e+01,1.744937e+01,2.891738e+01,2.139257e+01,2.428178e+01,2.137021e+01,2.637403e+01,7.439681e+01,1.609955e+02,1.013892e+02,1.474692e+02,1.007891e+02,8.233196e+01,1.294569e+02,1.155078e+02,1.034450e+02,1.316968e+01,5.431367e-01,4.778326e-01,1.185938e+00,9.074999e-01,1.038279e+00,-3.135406e-01,5.217796e-01,2.782619e-01,5.849689e-01,-7.397685e-01,4.451007e+00,2.398491e+00,4.722266e+00,3.035487e+00,4.516556e+00,2.622647e+00,2.639511e+00,2.387909e+00,3.595613e+00,3.516343e+00
f0100,7.497428e+01,8.849262e+01,1.216887e+02,2.057239e+02,1.623932e+02,7.417906e+01,1.326915e+02,1.448822e+02,8.563464e+01,9.754357e+01,2.499565e+01,2.351865e+01,2.662733e+01,2.628573e+01,2.262185e+01,2.478493e+01,2.734547e+01,2.848477e+01,2.733449e+01,2.479346e+01,8.037708e+01,1.431905e+02,1.926642e+02,2.064393e+02,1.599722e+02,1.325354e+02,1.846785e+02,1.903842e+02,1.750737e+02,1.138950e+02,3.083845e-01,3.689622e-01,2.402794e-01,2.505173e-01,4.489251e-01,5.622230e-01,2.556848e-01,1.908708e-01,9.350301e-02,4.638893e-01,3.721124e+00,3.468642e+00,2.929789e+00,2.752008e+00,2.919524e+00,3.532584e+00,2.831510e+00,2.694953e+00,2.739421e+00,4.252982e+00
f0101,6.100574e+01,5.011677e+01,6.480532e+01,6.183955e+01,9.726280e+01,7.461226e+01,5.777598e+01,7.112452e+01,6.963891e+01,4.714108e+01,2.287461e+01,2.021077e+01,2.045759e+01,1.911857e+01,1.563505e+01,2.227508e+01,2.229065e+01,2.328627e+01,2.262140e+01,1.873744e+01,7.057808e+01,1.134828e+02,1.076978e+02,1.216634e+02,6.444695e+01,8.414440e+01,1.089249e+02,1.394893e+02,1.417126e+02,8.812605e+01,2.977378e-01,1.020080e+00,9.647824e-01,1.317549e+00,1.140915e+00,2.256282e-01,8.547457e-01,9.336001e-01,9.915863e-01,1.248609e+00,3.794554e+00,5.635431e+00,6.369518e+00,7.626202e+00,7.130801e+00,3.465660e+00,5.157263e+00,5.321493e+00,6.177175e+00,6.381500e+00
f0102,6.722554e+01,5.391156e+01,7.338840e+01,1.322643e+02,1.121882e+02,4.778220e+01,8.000302e+01,1.933615e+02,1.503160e+02,9.422734e+01,2.104249e+01,1.916329e+01,2.087159e+01,2.234607e+01,1.686845e+01,2.469865e+01,2.258615e+01,2.546202e+01,2.272496e+01,1.935811e+01,5.321622e+01,1.150367e+02,1.517698e+02,1.818704e+02,1.261207e+02,1.368053e+02,1.410394e+02,1.867630e+02,1.799054e+02,1.141190e+02,2.824961e-01,8.474066e-01,6.719622e-01,5.266550e-01,1.176440e+00,6.928332e-01,3.588434e-01,2.985114e-01,3.552771e-01,7.365691e-01,4.354165e+00,5.022727e+00,4.091973e+00,3.160427e+00,5.492944e+00,4.102033e+00,3.277206e+00,3.069176e+00,2.970512e+00,4.687242e+00
f0103,6.306738e+01,6.659067e+01,7.605436e+01,1.130131e+02,1.121124e+02,6.977876e+01,8.770365e+01,6.740740e+01,9.739895e+01,7.728258e+01,2.307679e+01,1.955881e+01,2.151438e+01,2.380591e+01,2.163535e+01,2.165764e+01,2.538411e+01,2.834578e+01,2.947303e+01,2.673508e+01,9.343316e+01,1.177999e+02,1.491852e+02,1.702042e+02,1.313088e+02,9.470630e+01,1.460850e+02,1.512190e+02,1.590022e+02,1.212891e+02,4.713582e-01,7.970413e-01,7.254932e-01,4.879678e-01,4.707852e-01,6.422424e-01,5.989558e-01,3.255187e-01,2.229095e-01,4.179413e-01,3.639473e+00,4.689459e+00,4.164122e+00,3.270954e+00,3.543870e+00,4.820994e+00,4.479606e+00,3.864873e+00,3.306036e+00,3.651444e+00
f0104,6.605639e+01,8.282220e+01,1.087055e+02,1.017970e+02,8.130755e+01,4.707566e+01,7.659258e+01,2.237604e+02,1.963083e+02,7.926049e+01,2.327350e+01,2.301015e+01,2.431186e+01,2.562916e+01,2.072325e+01,2.465044e+01,2.839322e+01,2.894708e+01,2.904451e+01,2.392134e+01,9.896142e+01,1.443392e+02,1.673862e+02,1.865778e+02,1.346753e+02,1.264183e+02,1.552853e+02,1.806336e+02,1.869886e+02,1.425597e+02,5.015083e-01,6.867818e-01,6.263024e-01,3.898671e-01,6.826118e-01,5.135711e-01,6.529535e-02,6.581638e-03,1.905563e-01,4.607376e-01,3.987039e+00,4.294277e+00,4.499849e+00,3.111143e+00,3.754205e+00,3.589376e+00,3.088812e+00,3.043235e+00,2.913052e+00,3.768371e+00
f0105,9.222178e+01,1.288095e+02,1.367914e+02,1.190249e+02,1.459410e+02,5.878330e+01,1.236712e+02,1.797324e+02,1.329932e+02,1.075601e+02,2.282429e+01,2.174247e+01,2.251561e+01,2.005525e+01,2.259024e+01,2.304626e+01,2.151236e+01,2.237786e+01,2.395588e+01,1.780384e+01,7.797357e+01,1.394241e+02,1.550425e+02,1.525390e+02,1.535565e+02,1.234974e+02,1.317297e+02,1.640866e+02,1.574768e+02,8.761664e+01,4.487045e-01,5.287945e-01,5.492666e-01,7.960249e-01,4.544447e-01,6.421271e-01,4.356236e-01,4.400914e-01,4.283080e-01,5.283048e-01,3.980752e+00,3.880634e+00,3.836754e+00,4.137643e+00,3.546176e+00,4.060228e+00,3.717306e+00,3.325502e+00,3.723781e+00,4.294284e+00
f0106,5.056000e+01,7.988181e+01,1.833814e+02,2.315452e+02,1.821630e+02,3.981100e+01,7.994568e+01,2.280656e+02,2.191523e+02,7.730706e+01,2.359793e+01,2.212903e+01,2.021694e+01,2.278033e+01,2.002239e+01,2.166016e+01,2.135259e+01,2.223650e+01,2.336963e+01,1.993149e+01,8.854939e+01,1.253268e+02,1.562064e+02,1.792807e+02,1.318089e+02,9.872996e+01,1.466586e+02,1.655620e+02,1.874797e+02,1.192194e+02,3.147614e-01,5.944395e-01,8.450552e-01,6.710739e-01,7.642869e-01,7.250217e-01,6.099943e-01,6.193182e-01,6.803152e-01,9.619943e-01,3.689987e+00,4.049597e+00,3.741523e+00,3.328235e+00,3.778938e+00,4.769886e+00,3.715547e+00,3.334511e+00,3.535482e+00,5.771273e+00
f0107,5.102021e+01,5.614773e+01,1.457386e+02,2.097285e+02,1.042020e+02,5.215687e+01,7.230450e+01,7.425720e+01,1.392251e+02,8.219194e+01,2.477605e+01,2.111951e+01,2.180913e+01,2.000837e+01,2.111452e+01,2.244500e+01,2.467482e+01,2.307850e+01,2.616592e+01,2.043965e+01,7.713390e+01,1.300193e+02,1.487251e+02,1.708478e+02,9.782434e+01,9.884319e+01,1.473453e+02,1.627366e+02,1.616675e+02,1.017310e+02,3.576147e-01,6.345542e-01,6.722435e-01,8.558782e-01,2.691831e-01,6.818290e-01,5.131388e-01,5.818226e-01,5.635411e-01,8.903797e-01,4.129382e+00,4.210353e+00,4.606825e+00,4.525574e+00,4.629527e+00,4.410221e+00,3.781469e+00,3.952269e+00,3.710402e+00,5.702069e+00
f0108,5.276461e+01,7.911809e+01,1.276241e+02,2.240691e+02,1.518492e+02,6.284460e+01,5.501996e+01,1.789260e+02,9.924951e+01,6.997382e+01,2.268389e+01,1.847606e+01,2.013684e+01,2.122170e+01,1.853318e+01,2.172156e+01,2.244220e+01,2.346689e+01,2.411029e+01,1.942577e+01,9.815160e+01,1.028614e+02,1.376802e+02,1.621810e+02,1.118711e+02,9.761706e+01,1.280255e+02,1.593385e+02,1.745991e+02,1.135842e+02,2.686184e-01,8.452447e-01,8.573644e-01,9.126951e-01,8.111445e-01,6.018251e-01,5.242062e-01,6.388361e-01,6.911341e-01,9.560231e-01,3.211184e+00,5.104329e+00,4.895499e+00,4.872240e+00,5.215694e+00,3.876858e+00,3.903402e+00,4.014389e+00,4.348970e+00,5.251134e+00
f0109,6.191245e+01,4.427483e+01,5.938124e+01,1.102414e+02,9.466940e+01,5.402249e+01,6.285601e+01,8.960755e+01,4.292813e+01,8.195431e+01,2.410760e+01,2.326541e+01,1.899433e+01,2.085069e+01,2.154099e+01,2.289684e+01,2.120018e+01,2.420598e+01,2.192753e+01,2.244411e+01,5.759168e+01,1.109816e+02,1.291403e+02,1.191761e+02,8.364305e+01,8.570684e+01,1.174398e+02,1.546365e+02,1.548160e+02,1.399500e+02,2.283371e-01,3.870013e-01,7.607047e-01,7.697383e-01,2.122474e-01,5.232225e-01,6.108376e-01,5.903734e-01,6.805542e-01,1.064579e+00,4.085565e+00,4.852737e+00,4.679016e+00,5.078128e+00,3.677695e+00,4.339739e+00,4.608096e+00,4.417065e+00,4.147638e+00,5.365176e+00
f0110,7.319779e+01,1.131632e+02,1.076416e+02,1.148847e+02,1.508707e+02,6.906328e+01,1.234523e+02,7.541461e+01,1.180405e+02,1.034099e+02,2.638627e+01,2.046386e+01,1.973144e+01,1.803277e+01,2.224638e+01,2.211350e+01,2.651892e+01,2.224041e+01,2.317222e+01,1.908712e+01,5.407505e+01,1.284568e+02,1.699240e+02,1.778877e+02,1.376402e+02,1.055115e+02,1.310308e+02,1.322222e+02,1.933531e+02,1.138574e+02,-4.158923e-02,8.694634e-01,1.150537e+00,1.222176e+00,2.242787e-01,4.939417e-01,1.302670e-01,5.434073e-01,5.412149e-01,8.248689e-01,3.577871e+00,4.685055e+00,4.624504e+00,5.178729e+00,3.182738e+00,3.763265e+00,3.496732e+00,3.690909e+00,2.868192e+00,4.275404e+00
f0111,4.254114e+01,6.904762e+01,1.547619e+02,1.309524e+02,1.238095e+02,5.721137e+01,1.509259e+02,3.082744e+02,2.289226e+02,1.104714e+02,2.305189e+01,1.993435e+01,2.125868e+01,1.957386e+01,1.858555e+01,2.408952e+01,2.220696e+01,2.263789e+01,2.067265e+01,2.360643e+01,9.940334e+01,1.557182e+02,2.119085e+02,1.907540e+02,1.418174e+02,1.027333e+02,1.883664e+02,2.093831e+02,2.217625e+02,1.294748e+02,5.949896e-01,5.488046e-01,6.147437e-01,8.510512e-01,5.944373e-01,5.022615e-01,7.659242e-01,9.030079e-01,9.173038e-01,4.246495e-01,3.681151e+00,2.974608e+00,2.974908e+00,3.590312e+00,3.144744e+00,4.006613e+00,3.975320e+00,3.678147e+00,3.585160e+00,4.181855e+00
f0112,7.448180e+01,1.692033e+02,6.779761e+01,1.828518e+02,1.253931e+02,8.176359e+01,1.423176e+02,6.392085e+01,1.727146e+02,6.260364e+01,2.462432e+01,2.638084e+01,2.703362e+01,3.040042e+01,2.331652e+01,2.387622e+01,2.813440e+01,2.670162e+01,2.953209e+01,2.266649e+01,9.864172e+01,1.429192e+02,1.464336e+02,1.909645e+02,1.092482e+02,1.036496e+02,1.649631e+02,1.473599e+02,1.948673e+02,1.308685e+02,3.773720e-01,4.902247e-01,4.863593e-01,2.627888e-01,5.148286e-01,5.008562e-01,4.130996e-01,5.951662e-01,3.310322e-01,5.885378e-01,3.493459e+00,3.423912e+00,3.772363e+00,2.690888e+00,3.283889e+00,3.491137e+00,3.017473e+00,3.830757e+00,2.954536e+00,3.466886e+00
f0113,6.425901e+01,8.102747e+01,8.109278e+01,7.994608e+01,1.092567e+02,6.570598e+01,7.986038e+01,9.409484e+01,7.950381e+01,6.898722e+01,2.324531e+01,2.175603e+01,2.087175e+01,2.246647e+01,2.410925e+01,2.511727e+01,2.811072e+01,2.870434e+01,2.682016e+01,2.558089e+01,8.611192e+01,1.008672e+02,1.076554e+02,1.323529e+02,1.123028e+02,9.756137e+01,1.120266e+02,1.310079e+02,1.361819e+02,9.540537e+01,3.322197e-01,5.910586e-01,6.852274e-01,7.240155e-01,2.978886e-01,4.989441e-01,2.728203e-01,5.618863e-01,4.752069e-01,3.416234e-01,3.235865e+00,4.424749e+00,4.969446e+00,5.056498e+00,4.071154e+00,4.244847e+00,4.073027e+00,4.459948e+00,4.305608e+00,3.865472e+00
f0114,6.091968e+01,6.993197e+01,6.737485e+01,5.933087e+01,9.830423e+01,5.482193e+01,6.793084e+01,6.966943e+01,5.406134e+01,8.389490e+01,2.270082e+01,2.009703e+01,2.008968e+01,2.170253e+01,1.931517e+01,2.166801e+01,2.474431e+01,2.469404e+01,2.422300e+01,2.065250e+01,6.973806e+01,1.125318e+02,1.206932e+02,1.378430e+02,1.014087e+02,8.833722e+01,1.157457e+02,1.315901e+02,1.433452e+02,7.831076e+01,3.130699e-02,1.023423e+00,1.138826e+00,8.808887e-01,7.498973e-01,6.817701e-01,6.660454e-01,8.168823e-01,1.058035e+00,4.829727e-01,3.699344e+00,5.283805e+00,6.026718e+00,4.738276e+00,3.963212e+00,4.315999e+00,4.565999e+00,5.441597e+00,5.400608e+00,4.161474e+00
